"EmployeeID";"First_Name";"Surname";"Nombre_jours_service_employé_parti"
"100001";"Patrice";"Moore";"33459"
"100002";"David";"Rickards";"33459"
"100009";"Greg";"Boon";"33375"
"100014";"Jacqueline";"Hernandez";"33312"
"100018";"Virginia";"Ferguson";"33298"
"100020";"Douglas";"Mason";"33291"
"100021";"Carmen";"Stewart";"33284"
"100024";"Jessica";"Hall";"33284"
"100031";"Henry";"Williams";"33228"
"100038";"Margaret";"Sargent";"33214"
"100039";"Cassandra";"James";"33214"
"100040";"Marie";"Montgomery";"33207"
"100041";"Terri";"Boone";"33207"
"100048";"Nicholas";"Sauer";"33193"
"100053";"James";"Baker";"33172"
"100074";"William";"Flood";"33102"
"100079";"Patricia";"Nightingale";"33088"
"100080";"James";"Minton";"33081"
"100089";"Caron";"Adams";"33067"
"100090";"Patricia";"Mendoza";"33067"
"100095";"Bobbie";"Huskins";"33060"
"100099";"John";"Santiago";"33046"
"100103";"Antoinette";"Haugland";"33039"
"100106";"Anna";"Grande";"33039"
"100109";"Emerald";"Vega";"33025"
"100112";"Ashley";"Port";"33018"
"100113";"Robert";"Sisneros";"33018"
"100114";"Emilie";"Meland";"33018"
"100116";"Eleanor";"Cook";"33011"
"100125";"Carlos";"Golden";"32997"
"100127";"Amina";"Amundsen";"32997"
"100128";"Ruth";"Chong";"32990"
"100131";"David";"Moore";"32990"
"100132";"Wendell";"Hutchison";"32983"
"100134";"George";"Hardy";"32983"
"100137";"Stephanie";"Dixon";"32976"
"100138";"Rita";"Martinez";"32976"
"100149";"Tomine";"Tren";"32962"
"100152";"Michael";"Navarra";"32955"
"100155";"Elias";"Gjerstad";"32955"
"100157";"Bill";"Morgan";"32941"
"100162";"Geraldine";"Hernandez";"32927"
"100171";"John";"Limones";"32899"
"100172";"Felix";"Nash";"32892"
"100177";"Eugene";"Dawson";"32892"
"100181";"Joseph";"Qualls";"32878"
"100182";"Nicole";"Burt";"32878"
"100189";"William";"Jernigan";"32857"
"100191";"Kathy";"Diaz";"32857"
"100194";"Bonnie";"Gunderson";"32857"
"100203";"Luther";"Washington";"32843"
"100204";"Stephen";"Johnson";"32843"
"100205";"Charles";"Williams";"32843"
"100206";"Clara";"Vail";"32836"
"100208";"Raymond";"Thacker";"32836"
"100211";"Raguel";"Alarcon";"32836"
"100212";"Constance";"Cote";"32836"
"100213";"Kelly";"Rodriguez";"32829"
"100214";"Maria";"Reese";"32829"
"100215";"Virginia";"Holcomb";"32822"
"100218";"George";"Garry";"32822"
"100219";"Haley";"Mosqueda";"32822"
"100220";"Heath";"Whitaker";"32822"
"100221";"Opal";"Bennett";"32822"
"100223";"Jennifer";"Hoffman";"32815"
"100224";"Donald";"Muller";"32815"
"100227";"Lisa";"Truitt";"32815"
"100228";"Bryan";"Baldwin";"32808"
"100229";"Marian";"Palma";"32808"
"100231";"Charles";"Hausmann";"32808"
"100232";"Gladys";"Harrison";"32808"
"100235";"Laura";"Dietz";"32808"
"100237";"Magnus";"Knudsen";"32801"
"100239";"Donna";"Williams";"32794"
"100240";"Derek";"Rush";"32794"
"100243";"Angela";"Strange";"32794"
"100246";"Christopher";"Lucia";"32787"
"100248";"Lisa";"Krause";"32787"
"100254";"Susan";"Doyle";"32780"
"100255";"Connie";"Tolliver";"32780"
"100257";"Victor";"Mattson";"32780"
"100261";"Alfred";"Harper";"32773"
"100263";"Jodi";"Hagan";"32773"
"100265";"Jack";"Smith";"32773"
"100266";"Ricardo";"Nichols";"32773"
"100267";"Rusty";"Jones";"32773"
"100268";"Wally";"Avila";"32773"
"100269";"Nikolai";"Pedersen";"32773"
"100274";"Jerry";"Hollis";"32759"
"100277";"Mary";"Brown";"32752"
"100282";"Pernille";"Strand";"32752"
"100284";"Cody";"Crowder";"32745"
"100285";"Jason";"Kenyon";"32745"
"100287";"Richard";"Meade";"32745"
"100298";"Cecilia";"Curlee";"32724"
"100300";"Emilie";"Narum";"32717"
"100307";"Allen";"Armstrong";"32696"
"100318";"Sarah";"Krawczyk";"32675"
"100326";"Lottie";"Jackson";"32661"
"100329";"Mark";"Miller";"32661"
"100330";"Glen";"Porter";"32654"
"100332";"Brian";"Phillips";"32654"
"100339";"Nancy";"Ostrander";"32640"
"100341";"Charlie";"Johnson";"32640"
"100344";"Cody";"Johns";"32633"
"100351";"Marjorie";"Miller";"32619"
"100354";"Richard";"Rivera";"32619"
"100358";"Robert";"O'brian";"32612"
"100361";"Robert";"Ford";"32605"
"100363";"Walton";"Adams";"32598"
"100364";"Ronald";"Bridges";"32598"
"100366";"Mary";"Stroud";"32591"
"100368";"Lisa";"Steed";"32591"
"100378";"Ingrid";"Johnsen";"32577"
"100382";"Walter";"Obrien";"32570"
"100392";"Lance";"Royal";"32556"
"100393";"Meagan";"Larkin";"32556"
"100396";"Helene";"Lien";"32556"
"100399";"Timothy";"Davis";"32549"
"100400";"Leo";"Fleeman";"32549"
"100402";"Darlene";"Valtierra";"32549"
"100403";"Thomas";"Smith";"32542"
"100409";"Christopher";"Pinckney";"32542"
"100410";"Sandra";"Benitez";"32542"
"100415";"Paul";"Choe";"32535"
"100416";"Joshua";"Newton";"32535"
"100417";"Jeffrey";"Stone";"32535"
"100418";"Clyde";"Betts";"32535"
"100419";"Laurie";"Talbott";"32521"
"100428";"Melvin";"Capozzi";"32514"
"100429";"Nathan";"Robles";"32514"
"100432";"John";"Molden";"32514"
"100435";"Jon";"Jones";"32514"
"100442";"David";"Wheeler";"32507"
"100445";"Michael";"Bealer";"32500"
"100454";"Barry";"Dupre";"32486"
"100458";"Linda";"Garcia";"32472"
"100461";"Brenda";"Cota";"32472"
"100465";"Jesse";"Ferreira";"32465"
"100466";"Fran";"Pena";"32465"
"100469";"Zane";"Whorton";"32458"
"100472";"Kathleen";"Boyden";"32458"
"100474";"Fred";"Flynn";"32458"
"100476";"Frank";"Morrison";"32451"
"100479";"Paul";"Matsuda";"32451"
"100481";"Angela";"Taylor";"32444"
"100483";"Marthe";"Paulsen";"32444"
"100485";"James";"Pratt";"32437"
"100486";"Ann";"Hayslett";"32437"
"100489";"Stephanie";"Siems";"32437"
"100492";"Robert";"Smith";"32430"
"100493";"James";"Forsman";"32430"
"100496";"Danika";"Savage";"32423"
"100497";"Samuel";"Baez";"32423"
"100499";"Margaret";"Johnston";"32416"
"100503";"Raven";"Donaldson";"32416"
"100505";"Johanne";"Hermansen";"32416"
"100506";"Pamela";"Smith";"32409"
"100509";"Bradley";"Law";"32409"
"100511";"Magnus";"Riiser";"32409"
"100512";"Marni";"Musial";"32402"
"100515";"Alvin";"Bounds";"32402"
"100516";"Charles";"Garrett";"32402"
"100519";"Michael";"Charles";"32402"
"100520";"Jennifer";"Gauna";"32395"
"100521";"Robyn";"Gipson";"32395"
"100523";"Jean";"Rathjen";"32388"
"100524";"Jo";"Harris";"32388"
"100527";"Michael";"Hernandez";"32388"
"100528";"Lilian";"Oliveira";"32381"
"100530";"Shanna";"Magno";"32374"
"100532";"Corrine";"Leigh";"32374"
"100537";"Lee";"Phillips";"32367"
"100538";"Edward";"Ives";"32367"
"100540";"Louis";"Rood";"32367"
"100542";"Gregory";"Ames";"32360"
"100552";"Tamara";"Thomas";"32353"
"100556";"Antonio";"Mora";"32353"
"100559";"Erika";"Graves";"32353"
"100561";"Kyle";"Wilson";"32353"
"100562";"Floyd";"Dawson";"32353"
"100565";"William";"Luciani";"32339"
"100566";"Gary";"Holland";"32332"
"100567";"Hugh";"Walton";"32332"
"100568";"Jane";"Meadows";"32325"
"100570";"Cleveland";"Brothers";"32325"
"100572";"David";"Kleiman";"32325"
"100576";"Bernice";"Carter";"32318"
"100578";"Jonna";"Gibson";"32318"
"100585";"Michael";"Boone";"32311"
"100587";"Doris";"Anderson";"32311"
"100588";"Sean";"Napper";"32304"
"100594";"Aubrey";"Overstreet";"32297"
"100597";"Harvey";"Parra";"32297"
"100598";"Scott";"Beasley";"32290"
"100599";"Rachel";"Steele";"32290"
"100602";"Tommie";"Holmes";"32290"
"100604";"Kenneth";"Lindsey";"32290"
"100605";"Ernesto";"Castillo";"32283"
"100607";"Graig";"Gonzalez";"32283"
"100610";"Lori";"Biles";"32283"
"100618";"Nicolai";"Nystuen";"32276"
"100620";"Alexandria";"Calhoun";"32269"
"100622";"Kasey";"Kaufman";"32269"
"100623";"Jannie";"Spaeth";"32269"
"100627";"Maja";"Hammersland";"32269"
"100628";"Johanne";"Aamodt";"32269"
"100629";"Paul";"Vega";"32262"
"100630";"Deborah";"Hardison";"32262"
"100631";"Brenda";"Lewis";"32262"
"100632";"Cory";"Garcia";"32262"
"100636";"Roger";"Smith";"32255"
"100638";"Jenny";"Taylor";"32255"
"100639";"Norma";"Mullen";"32255"
"100640";"Carolyn";"Kelly";"32255"
"100645";"Erica";"Savage";"32248"
"100647";"Alfred";"Zimmermann";"32248"
"100649";"Catherine";"Coleman";"32241"
"100653";"Doris";"Reyes";"32234"
"100655";"Nathan";"Weidner";"32234"
"100662";"Jerome";"Hamlin";"32227"
"100665";"Lisa";"Johnson";"32227"
"100666";"Charles";"Castellano";"32220"
"100667";"Terri";"Anderson";"32220"
"100670";"Seth";"Torres";"32220"
"100671";"Albert";"Shurtz";"32220"
"100676";"Nichole";"Smith";"32213"
"100677";"Timothy";"Ely";"32213"
"100686";"Robert";"Fish";"32206"
"100688";"Fred";"Partain";"32199"
"100690";"Jason";"Hyde";"32199"
"100691";"Morton";"Jenkins";"32199"
"100694";"Ervin";"Johnson";"32199"
"100695";"Jim";"Molina";"32199"
"100696";"Gabriel";"Sherman";"32192"
"100698";"Pamela";"Abney";"32192"
"100705";"Tobias";"Kjsnes";"32185"
"100706";"Harry";"Dietrich";"32178"
"100707";"Mark";"Manno";"32178"
"100708";"Dwayne";"Dossett";"32178"
"100715";"Lynn";"Cote";"32171"
"100718";"Daniel";"Mahmood";"32171"
"100720";"Alan";"Asay";"32164"
"100722";"Walter";"Fordham";"32164"
"100723";"Lynne";"Chafin";"32164"
"100724";"Carol";"Castillo";"32164"
"100730";"Fernando";"Berry";"32157"
"100732";"Elton";"Savage";"32157"
"100733";"Tracy";"Mccoll";"32150"
"100734";"Joann";"Suter";"32150"
"100735";"Erik";"Hovland";"32150"
"100737";"Claire";"Henson";"32143"
"100738";"Timothy";"Strickland";"32143"
"100740";"Jo";"Bourque";"32143"
"100741";"Robert";"Bentley";"32143"
"100744";"Harold";"Halsted";"32136"
"100745";"John";"Rowe";"32136"
"100750";"Cheryl";"Sapp";"32136"
"100751";"James";"Patterson";"32129"
"100752";"Ann";"Reese";"32129"
"100760";"Latoya";"Riddle";"32115"
"100761";"Michael";"Ochs";"32115"
"100762";"Caroline";"Ragan";"32115"
"100763";"Michael";"Macias";"32115"
"100765";"Marsha";"Guenther";"32115"
"100766";"Mike";"Swenson";"32115"
"100771";"Juan";"Hinerman";"32101"
"100772";"James";"Mazzone";"32101"
"100774";"Maria";"Dickerson";"32101"
"100775";"Kate";"Roy";"32101"
"100777";"Garrett";"Joseph";"32094"
"100779";"Nellie";"Soliz";"32094"
"100782";"Sabrina";"Lee";"32094"
"100784";"Greg";"Jeffries";"32094"
"100786";"Mina";"Vestli";"32094"
"100788";"Jose";"Adcock";"32087"
"100789";"Jared";"Robison";"32087"
"100791";"Tracy";"Welch";"32087"
"100793";"Herman";"Santucci";"32080"
"100795";"James";"Sledge";"32080"
"100797";"Danial";"Cookson";"32080"
"100804";"Eleanore";"Delatorre";"32073"
"100805";"Johana";"Williams";"32073"
"100806";"Scott";"Mercer";"32073"
"100809";"James";"Yoder";"32073"
"100813";"Jennifer";"Struthers";"32066"
"100814";"Justin";"Bowman";"32066"
"100815";"Hanna";"Larsen";"32066"
"100816";"Annalisa";"Combs";"32059"
"100817";"William";"Poulsen";"32059"
"100818";"Ronald";"Lewandowski";"32052"
"100820";"Bruce";"Snell";"32052"
"100821";"Gary";"Smith";"32045"
"100823";"Ella";"Seals";"32045"
"100826";"Woodrow";"Bradford";"32045"
"100829";"Juanita";"Nuckolls";"32038"
"100833";"Gerard";"Chavez";"32031"
"100834";"Mary";"Trent";"32031"
"100835";"Brenda";"Lopez";"32031"
"100837";"William";"Smith";"32031"
"100841";"Gerald";"Eichelberger";"32024"
"100842";"Dana";"Burrus";"32024"
"100844";"Leah";"Atwater";"32017"
"100847";"Patricia";"Williams";"32017"
"100849";"Larry";"Skinner";"32010"
"100850";"Louise";"Percival";"32010"
"100853";"Laura";"Covington";"32003"
"100859";"Joseph";"Corona";"32003"
"100860";"Gus";"Arrey";"32003"
"100861";"Francisco";"Hoyle";"32003"
"100862";"Mary";"Marshall";"32003"
"100863";"Sam";"Berntsen";"32003"
"100864";"Lee";"Ducksworth";"31996"
"100865";"Donald";"Dickinson";"31996"
"100869";"Ruby";"Highland";"31989"
"100870";"Kyle";"Reynolds";"31989"
"100872";"Thomas";"Clifford";"31989"
"100875";"Linda";"Marshall";"31982"
"100876";"Jessica";"Brannum";"31982"
"100880";"David";"Delgado";"31982"
"100881";"Jonna";"Williams";"31982"
"100882";"Mathew";"Abbott";"31975"
"100884";"Miriam";"Patterson";"31975"
"100885";"Preston";"Stokes";"31968"
"100886";"Susan";"Whiting";"31968"
"100887";"Brian";"Crockett";"31968"
"100889";"Daniel";"Mullet";"31961"
"100895";"Victoria";"Hemphill";"31961"
"100896";"Anthony";"Case";"31954"
"100899";"Thomas";"Miller";"31954"
"100906";"Arthur";"Leeman";"31947"
"100907";"Brian";"Bates";"31947"
"100910";"David";"Walsh";"31947"
"100911";"Dorothy";"Bradley";"31940"
"100912";"David";"Nathan";"31940"
"100917";"Margie";"Diaz";"31933"
"100920";"Marketta";"Hoffman";"31926"
"100921";"Edward";"Hopkins";"31926"
"100923";"Ronald";"Seymour";"31926"
"100926";"Sebastian";"Johannessen";"31926"
"100934";"Jane";"Berry";"31912"
"100936";"Margaret";"Sawyer";"31912"
"100937";"Hanna";"Dahl";"31912"
"100942";"Charles";"Norris";"31898"
"100945";"Phillip";"Webb";"31898"
"100946";"Billy";"Rotter";"31898"
"100947";"Daniel";"Brown";"31898"
"100950";"Leah";"Wise";"31884"
"100952";"Robert";"Alexander";"31884"
"100955";"Ann";"Flippo";"31884"
"100956";"Theo";"Haugen";"31884"
"100957";"Stian";"Johnsen";"31884"
"100958";"Morgan";"Gibbons";"31878"
"100964";"Charles";"Kendrick";"31877"
"100967";"Alice";"West";"31877"
"100969";"Brenda";"Doll";"31870"
"100970";"Brenda";"Ganley";"31870"
"100972";"Raymond";"Crowe";"31870"
"100973";"Brandon";"Lane";"31870"
"100975";"Chad";"Frazier";"31870"
"100980";"Robert";"Smith";"31863"
"100982";"Dennis";"Selzer";"31863"
"100983";"Herman";"Schulz";"31863"
"100987";"Teresa";"Osborn";"31856"
"100988";"Paula";"Brooks";"31856"
"100989";"Nathan";"Snyder";"31856"
"100994";"Joseph";"Isaacson";"31849"
"100997";"Gary";"Rizzo";"31849"
"101001";"Carolyn";"Sholar";"31842"
"101005";"Harry";"Sanders";"31842"
"101006";"Timothy";"Smith";"31835"
"101007";"Randall";"Mayberry";"31835"
"101008";"Brenda";"Corbeil";"31835"
"101011";"Lynn";"Stone";"31835"
"101017";"Becky";"Burton";"31828"
"101020";"Mamie";"Bonneau";"31821"
"101021";"Maurice";"Evans";"31821"
"101026";"Matteo";"Rognmo";"31821"
"101027";"Lucas";"Jrgensen";"31821"
"101030";"Scott";"Bush";"31814"
"101031";"James";"Lattin";"31814"
"101032";"Matthew";"Coil";"31814"
"101033";"Anna";"Mathis";"31814"
"101034";"Howard";"Heckman";"31814"
"101036";"Amy";"Carlton";"31814"
"101037";"Rosalie";"Fischer";"31807"
"101038";"James";"Tyler";"31807"
"101039";"Tyrone";"Pritchett";"31807"
"101040";"Donald";"Walker";"31807"
"101044";"Celia";"Brown";"31807"
"101046";"Simon";"Cruz";"31807"
"101047";"Bradley";"Thomas";"31807"
"101050";"Cecelia";"Price";"31800"
"101054";"Heather";"Shields";"31800"
"101058";"Nathan";"Parra";"31800"
"101059";"Aaron";"Bliss";"31800"
"101061";"Robert";"Lampman";"31800"
"101062";"Emily";"Meyer";"31793"
"101070";"Jessica";"Goodrich";"31786"
"101073";"Audrey";"Sanders";"31786"
"101079";"Matthew";"Anderson";"31779"
"101081";"Edward";"Trejo";"31779"
"101083";"Sigurd";"Hansson";"31779"
"101084";"Eleanor";"Kerr";"31779"
"101085";"Jimmy";"Johnson";"31772"
"101089";"John";"Smith";"31772"
"101091";"Juanita";"Beard";"31772"
"101093";"Karen";"Perry";"31772"
"101094";"Erica";"King";"31765"
"101097";"Donna";"Waldschmidt";"31765"
"101098";"Rosa";"Lawhorn";"31765"
"101107";"Jeffrey";"Johnston";"31758"
"101109";"Willie";"Mullins";"31758"
"101110";"Andreas";"Vers";"31758"
"101111";"Eve";"Dodd";"31758"
"101118";"Paul";"Jacobs";"31744"
"101123";"Joseph";"Holmes";"31744"
"101125";"Larry";"Adams";"31744"
"101127";"Yolanda";"Hughes";"31737"
"101128";"Eva";"Cogburn";"31737"
"101132";"Willie";"Orvis";"31730"
"101133";"Clara";"Stewart";"31730"
"101134";"Wayne";"Flores";"31730"
"101137";"Emily";"Fluellen";"31730"
"101139";"Russell";"Boyd";"31730"
"101141";"Anna";"Olsen";"31730"
"101142";"Thomas";"Freeman";"31730"
"101143";"Mary";"Romero";"31730"
"101144";"Leah";"Richardson";"31723"
"101145";"Laura";"Brown";"31723"
"101146";"Sandra";"Mccoy";"31723"
"101148";"Wesley";"Monnier";"31723"
"101149";"Whitney";"Fletcher";"31723"
"101150";"Ulysses";"Godbold";"31723"
"101151";"Yasmin";"Morton";"31723"
"101152";"Charlene";"Marasco";"31716"
"101153";"Elizabeth";"Hardy";"31716"
"101158";"Marion";"Fore";"31716"
"101160";"Craig";"Bolin";"31716"
"101161";"Ann";"Larson";"31716"
"101162";"Barbara";"Wright";"31716"
"101165";"Evan";"Dennis";"31716"
"101166";"Jennifer";"Morris";"31716"
"101169";"Kevin";"Tran";"31709"
"101170";"Phillip";"Straight";"31709"
"101177";"Darren";"Davis";"31702"
"101180";"Michael";"Kirk";"31702"
"101181";"Faith";"Fricke";"31702"
"101183";"Patricia";"Huffman";"31702"
"101184";"Jerry";"Bloomer";"31702"
"101186";"Morgan";"Sutton";"31702"
"101191";"Franklin";"Schmidt";"31695"
"101192";"Todd";"Leon";"31695"
"101195";"Susan";"Kahler";"31688"
"101198";"Hildegard";"Johnson";"31688"
"101201";"Arturo";"Obrien";"31688"
"101207";"Betty";"Sowell";"31681"
"101208";"Julio";"Kiser";"31681"
"101210";"Nicolas";"Lawson";"31681"
"101211";"William";"Mullins";"31681"
"101212";"Michelle";"Watkins";"31681"
"101215";"Douglas";"Hong";"31681"
"101216";"Barry";"Topping";"31681"
"101218";"Juanita";"Phillips";"31681"
"101221";"Albert";"Pierce";"31681"
"101223";"Wm";"Bowman";"31674"
"101224";"Brent";"Smith";"31674"
"101225";"Jonathan";"Elkins";"31674"
"101227";"Kelly";"Riley";"31674"
"101228";"Kenneth";"Ullery";"31674"
"101231";"Mercedes";"Mack";"31674"
"101233";"Jay";"Kellar";"31674"
"101234";"Michelle";"Cummingham";"31674"
"101235";"Greg";"Causey";"31674"
"101237";"Hvard";"Wathne";"31674"
"101238";"Coleen";"Olivas";"31674"
"101239";"William";"Miller";"31674"
"101241";"Ellen";"Anderson";"31674"
"101244";"Barbara";"Hagberg";"31667"
"101245";"Janice";"Yin";"31667"
"101246";"Gladys";"Hemming";"31667"
"101247";"Christopher";"Ross";"31667"
"101249";"Rosa";"Fitzwater";"31667"
"101250";"Jennifer";"Rivas";"31667"
"101251";"Stevie";"Barber";"31660"
"101253";"Carlos";"Fiore";"31660"
"101255";"Andrea";"Alvarez";"31660"
"101256";"John";"Mcarthur";"31660"
"101257";"Carole";"Ferguson";"31660"
"101262";"Isak";"Sharma";"31660"
"101264";"Barbara";"Raasch";"31653"
"101268";"David";"Jolly";"31653"
"101269";"Robert";"Ngo";"31653"
"101270";"Cynthia";"Morgan";"31653"
"101271";"Sally";"Jones";"31653"
"101274";"Terri";"Moore";"31653"
"101276";"James";"Bass";"31646"
"101277";"Jordan";"Reed";"31646"
"101279";"Scott";"Burris";"31646"
"101281";"Carmen";"Tope";"31646"
"101282";"Janice";"Alter";"31646"
"101285";"Gordon";"Bussiere";"31639"
"101288";"Lisa";"Dunbar";"31632"
"101289";"Diana";"Duncan";"31632"
"101290";"William";"Barnett";"31625"
"101292";"Betty";"Williams";"31625"
"101293";"Lillian";"Morrison";"31625"
"101294";"Casey";"Zuniga";"31625"
"101295";"Eva";"Bard";"31625"
"101296";"Anne";"Large";"31625"
"101300";"Rhiannon";"Anderson";"31618"
"101306";"Anne";"Ng";"31618"
"101309";"James";"Mitchell";"31618"
"101312";"Tommy";"Theriault";"31618"
"101314";"Leslie";"Latham";"31611"
"101317";"Clarence";"Thomas";"31611"
"101319";"Linda";"Moran";"31611"
"101321";"Elizabeth";"Riley";"31611"
"101322";"Freddie";"Schuck";"31604"
"101323";"Kathleen";"Bryant";"31604"
"101324";"Michelle";"Beasley";"31604"
"101325";"Kristen";"Boyles";"31604"
"101329";"Barbara";"Bugarin";"31597"
"101332";"Marcelino";"Ceballos";"31597"
"101333";"Christine";"Smith";"31597"
"101335";"Richard";"Edward";"31590"
"101337";"Norma";"Curtis";"31590"
"101339";"Linda";"Luong";"31590"
"101342";"Patsy";"Williams";"31583"
"101347";"Maria";"Hadley";"31576"
"101348";"Luis";"Hernandez";"31569"
"101350";"Arnulfo";"Van";"31562"
"101351";"Frank";"Mendez";"31562"
"101354";"Kim";"Estes";"31562"
"101355";"Daniel";"Desimone";"31562"
"101358";"Linda";"Henson";"31555"
"101359";"June";"Mcintyre";"31555"
"101362";"Mildred";"Mcandrews";"31555"
"101365";"David";"Timm";"31555"
"101366";"Charlie";"Taylor";"31548"
"101367";"Elizabeth";"Keener";"31541"
"101368";"Guy";"Crane";"31541"
"101369";"Amy";"Horton";"31534"
"101372";"Bianca";"Boston";"31527"
"101373";"Ralph";"Caruthers";"31527"
"101374";"John";"Pierson";"31527"
"101377";"Elizabeth";"Whitaker";"31520"
"101378";"Judith";"Ewing";"31520"
"101382";"Diane";"Branch";"31520"
"101385";"Ellen";"Swim";"31520"
"101386";"Brian";"Mead";"31520"
"101387";"Ashley";"Aasen";"31520"
"101389";"Bradford";"Worley";"31513"
"101390";"Essie";"Dunagan";"31513"
"101392";"Johanna";"Barnard";"31506"
"101393";"Marlene";"Day";"31506"
"101394";"Stephen";"Bent";"31506"
"101398";"Harry";"Powell";"31506"
"101399";"Leonor";"Garcia";"31506"
"101401";"Debbra";"Dial";"31499"
"101402";"Michael";"Cortes";"31499"
"101404";"Ellan";"Flores";"31499"
"101407";"Isaac";"Martin";"31499"
"101408";"Alan";"Latham";"31499"
"101410";"Barbara";"Meeker";"31499"
"101412";"Michael";"Stokes";"31492"
"101413";"Ralph";"Gorham";"31492"
"101414";"Maggie";"Felton";"31492"
"101416";"Ramon";"Olson";"31492"
"101420";"Alexander";"Lefler";"31492"
"101421";"Elise";"Didonato";"31492"
"101425";"Bertha";"Hankins";"31492"
"101426";"Stella";"Gonzalez";"31492"
"101429";"Carolyn";"Brown";"31485"
"101433";"James";"Simek";"31485"
"101437";"Andrew";"Ruelas";"31485"
"101440";"Judith";"Jenkins";"31478"
"101443";"Richard";"Snyder";"31478"
"101444";"Levi";"Garza";"31473"
"101445";"Lolita";"Lukasik";"31471"
"101447";"Tim";"Gonzales";"31471"
"101453";"Irene";"Hick";"31464"
"101454";"Richard";"Woodley";"31464"
"101455";"Jeffrey";"Mckenzie";"31464"
"101457";"Edward";"Shiver";"31457"
"101459";"Savannah";"Smith";"31457"
"101460";"Rodney";"Foster";"31457"
"101461";"James";"Winfield";"31457"
"101464";"Charles";"Ruiz";"31450"
"101466";"William";"Ramirez";"31450"
"101468";"Kevin";"Collins";"31443"
"101470";"James";"Carillo";"31443"
"101473";"Barbara";"Blecha";"31443"
"101475";"Ethel";"Mora";"31436"
"101477";"Joan";"Casella";"31436"
"101478";"Vaughn";"Vanhoose";"31436"
"101479";"Roger";"Hickok";"31436"
"101480";"Ernest";"Swenson";"31436"
"101482";"Beverly";"Tobias";"31429"
"101483";"Heidi";"Messinger";"31429"
"101485";"Stephanie";"Quist";"31429"
"101486";"Samuel";"Jones";"31429"
"101487";"Alberta";"Jenner";"31429"
"101490";"Dawn";"Richey";"31429"
"101494";"Enrique";"Dias";"31415"
"101495";"Terry";"Perez";"31415"
"101497";"David";"Vega";"31415"
"101499";"Deborah";"Martin";"31415"
"101504";"Robin";"Carney";"31408"
"101508";"Christopher";"Weaver";"31408"
"101510";"Ruth";"Bruce";"31408"
"101512";"Donald";"Morgan";"31408"
"101513";"Francisco";"Smallwood";"31408"
"101517";"Kelley";"Gehlert";"31408"
"101518";"Latisha";"Vasser";"31408"
"101522";"Michael";"Powell";"31394"
"101523";"Muriel";"Smith";"31394"
"101524";"Travis";"Bryant";"31394"
"101525";"Jennifer";"Miller";"31394"
"101526";"Ruth";"Smither";"31394"
"101528";"Kathleen";"Jones";"31394"
"101530";"Kathie";"Briggs";"31394"
"101531";"Bradford";"Taylor";"31394"
"101533";"Blanca";"Korhonen";"31394"
"101536";"Julia";"Patterson";"31394"
"101538";"Robert";"Kelly";"31394"
"101540";"Carole";"Hernandez";"31394"
"101541";"Susan";"Helms";"31387"
"101542";"Jerome";"Maness";"31387"
"101543";"Marjorie";"Crooks";"31387"
"101549";"Daniel";"Rodriguez";"31387"
"101550";"Carole";"Cedeno";"31387"
"101551";"Gregory";"Kime";"31387"
"101553";"Terry";"Bradley";"31387"
"101556";"Jeremy";"Ebersole";"31387"
"101559";"Amparo";"Brown";"31387"
"101560";"Katherine";"Shumate";"31387"
"101561";"Thomas";"Dodge";"31387"
"101562";"Tiffiny";"Jones";"31387"
"101563";"Dorothy";"Morita";"31387"
"101564";"Mary";"Kelly";"31387"
"101566";"Tracy";"Jones";"31380"
"101572";"Brian";"Ryans";"31380"
"101574";"Jamie";"Anderson";"31380"
"101575";"Carolyn";"Marsh";"31380"
"101579";"Aaron";"Peacock";"31380"
"101589";"Jason";"Alvarez";"31380"
"101591";"Randall";"Crew";"31380"
"101593";"Juanita";"Davis";"31380"
"101594";"Judith";"Lamb";"31380"
"101598";"Shawn";"Bradbury";"31380"
"101599";"Thelma";"Rieves";"31380"
"101600";"Nelson";"Morris";"31380"
"101601";"David";"Lanigan";"31380"
"101603";"Sherri";"Pollack";"31380"
"101604";"Kimberly";"Munoz";"31380"
"101605";"Rolland";"Kelly";"31380"
"101607";"Jennifer";"Obrien";"31373"
"101609";"Maria";"Lockett";"31373"
"101610";"Rosie";"Hensley";"31373"
"101611";"Elaina";"Coulter";"31373"
"101613";"James";"Moran";"31373"
"101615";"Curtis";"Hassell";"31373"
"101616";"Henry";"Veilleux";"31373"
"101617";"Rufus";"Kyles";"31373"
"101619";"Patricia";"King";"31373"
"101620";"Clayton";"Gore";"31373"
"101623";"Patricia";"Aust";"31373"
"101626";"Teresa";"Reynolds";"31373"
"101629";"Craig";"Becker";"31366"
"101631";"April";"Cole";"31366"
"101632";"Robert";"Butler";"31366"
"101633";"Michael";"Miller";"31366"
"101634";"Robert";"Arredondo";"31366"
"101637";"Joshua";"Choe";"31366"
"101641";"Norma";"Macarthur";"31366"
"101642";"Pamela";"Fox";"31366"
"101645";"Fred";"Heard";"31366"
"101646";"John";"Salisbury";"31366"
"101650";"Chester";"Russell";"31366"
"101652";"Jeremy";"Friel";"31366"
"101655";"Luann";"Chandler";"31366"
"101656";"Casey";"Hardy";"31366"
"101659";"Elisabeth";"Cameron";"31359"
"101660";"Margaret";"Jeffery";"31359"
"101661";"Douglas";"Dutil";"31359"
"101665";"Mary";"Ramos";"31359"
"101668";"Robert";"Roger";"31359"
"101674";"Paul";"Johnson";"31359"
"101677";"Betty";"Martinez";"31359"
"101683";"Quinn";"Stoll";"31359"
"101687";"Irwin";"Jones";"31352"
"101688";"Jeanne";"Salas";"31352"
"101690";"Maria";"Ulrey";"31352"
"101691";"Matthew";"Davis";"31352"
"101693";"Joe";"Hilton";"31352"
"101698";"Robin";"Benton";"31345"
"101700";"Maxine";"Taylor";"31338"
"101702";"Willard";"Gonzales";"31338"
"101703";"Dannie";"Smith";"31338"
"101705";"Alex";"Feathers";"31338"
"101707";"Chelsea";"Garner";"31338"
"101709";"Katrina";"Blades";"31338"
"101710";"Vicki";"Waterbury";"31331"
"101713";"Audra";"Meeker";"31331"
"101717";"Leon";"Jeffers";"31331"
"101721";"Curtis";"Acosta";"31331"
"101722";"Samuel";"Wolfgang";"31331"
"101725";"Kayleigh";"Gregory";"31331"
"101726";"Sandy";"Crumpton";"31324"
"101727";"Marcella";"Terry";"31324"
"101728";"Manuel";"Kaplan";"31324"
"101734";"Ruby";"Walker";"31317"
"101735";"Robert";"Martin";"31317"
"101736";"Amber";"Christian";"31317"
"101739";"Carl";"Williams";"31317"
"101740";"Gerald";"Lovell";"31317"
"101741";"Tammi";"Reyes";"31317"
"101742";"Deborah";"Keller";"31317"
"101744";"Amy";"Aguilar";"31310"
"101751";"Alexander";"Roberts";"31310"
"101753";"Ann";"Carrasquillo";"31303"
"101754";"Margaret";"Tucker";"31303"
"101757";"Donald";"Mcgraw";"31296"
"101761";"Constance";"Martinez";"31296"
"101763";"Hkon";"Johansen";"31296"
"101764";"Tom";"Bryan";"31296"
"101765";"Michael";"Roland";"31289"
"101766";"Darrell";"Rosales";"31289"
"101767";"John";"Ester";"31289"
"101770";"Carol";"Campfield";"31289"
"101771";"Maria";"Lindsey";"31289"
"101774";"Bernadette";"Kramer";"31289"
"101775";"Annie";"Morrissey";"31289"
"101777";"Sylvia";"Price";"31282"
"101778";"Matthew";"Elliott";"31282"
"101779";"Janet";"Honea";"31282"
"101781";"Doris";"Mosher";"31282"
"101782";"Joy";"Barnhart";"31282"
"101784";"Carlos";"Chadbourne";"31282"
"101785";"Billie";"Burton";"31282"
"101787";"Demi";"Elliott";"31282"
"101788";"Lillian";"Deford";"31275"
"101791";"Kevin";"Beardsley";"31275"
"101792";"Linnie";"Mock";"31275"
"101801";"Finlay";"Blake";"31275"
"101807";"Carlos";"Mcadams";"31268"
"101808";"Robert";"Jenkins";"31268"
"101809";"Catherine";"Swindell";"31268"
"101815";"Michael";"Veloz";"31261"
"101818";"Edwin";"Hamilton";"31261"
"101820";"Carmen";"Witmer";"31261"
"101821";"Shirley";"Johnson";"31261"
"101823";"Karen";"Townsend";"31261"
"101824";"Cynthia";"Camarillo";"31261"
"101829";"Sarah";"Tillman";"31254"
"101833";"James";"Roten";"31254"
"101839";"Danny";"Owens";"31247"
"101842";"Brenda";"Humphrey";"31247"
"101843";"Leander";"Tronstad";"31247"
"101846";"Edward";"Delaney";"31240"
"101847";"Justin";"Smith";"31240"
"101848";"Mercedes";"Cozart";"31240"
"101851";"Elyse";"Holloway";"31240"
"101854";"Judson";"Killian";"31240"
"101856";"Alice";"Shepherd";"31240"
"101857";"Robert";"Vanover";"31240"
"101858";"Lisa";"Jones";"31240"
"101861";"Stuart";"Hock";"31240"
"101864";"Maria";"Roberts";"31240"
"101865";"Jayden";"Law";"31240"
"101867";"Donald";"Frechette";"31233"
"101872";"Walter";"Wood";"31233"
"101873";"Trygve";"Sandbk";"31233"
"101874";"Eve";"Hughes";"31233"
"101882";"Sarah";"Struble";"31226"
"101884";"Maribel";"Johnson";"31226"
"101885";"Brandon";"Boser";"31219"
"101888";"Dale";"Mcnabb";"31219"
"101890";"Theresa";"Barnhill";"31219"
"101891";"Melinda";"Lawrence";"31219"
"101893";"Chloe";"Hawkins";"31219"
"101897";"Tanya";"Mccall";"31212"
"101900";"Joan";"Salazar";"31212"
"101901";"Frances";"Cupples";"31212"
"101902";"Mads";"Sletner";"31212"
"101904";"Mary";"Hightower";"31205"
"101907";"Florence";"Turner";"31198"
"101909";"Angela";"Gray";"31198"
"101910";"Patrick";"Walters";"31198"
"101919";"Ethan";"Hopkins";"31184"
"101921";"Warren";"Messick";"31177"
"101923";"Lynne";"Compton";"31177"
"101924";"Joseph";"Cullens";"31177"
"101925";"Joe";"Clements";"31177"
"101926";"Angella";"Larson";"31170"
"101928";"Manuel";"Armstrong";"31170"
"101930";"Jessica";"Robertson";"31170"
"101937";"Donald";"Jacob";"31163"
"101939";"Juan";"Grubbs";"31163"
"101940";"Tobias";"Hassan";"31163"
"101945";"Zoe";"Barrett";"31156"
"101948";"Toby";"Behrens";"31149"
"101949";"Ada";"Grenier";"31149"
"101952";"Pamela";"Moreno";"31142"
"101955";"Mattie";"Mclaughlin";"31142"
"101956";"Jewel";"Mayes";"31142"
"101957";"Pearl";"Sutton";"31142"
"101959";"Ethan";"Bell";"31142"
"101960";"Del";"Hubbs";"31135"
"101961";"Lillie";"Dunn";"31135"
"101969";"Rob";"Hammons";"31128"
"101970";"John";"Birch";"31128"
"101971";"Sarah";"Romero";"31128"
"101973";"Douglas";"Rumph";"31128"
"101974";"Noah";"Gussis";"31128"
"101975";"Jake";"Dixon";"31128"
"101977";"Roger";"David";"31121"
"101983";"Stephanie";"Cervantes";"31121"
"101985";"Mia";"Bishop";"31121"
"101986";"Samuel";"Nguyen";"31114"
"101991";"Woodrow";"Hendrickson";"31107"
"101995";"Kenneth";"Tran";"31100"
"101996";"Leticia";"Thornton";"31100"
"101997";"Leona";"Griffin";"31100"
"101999";"Amanda";"Luckey";"31093"
"102000";"Mary";"Hopper";"31093"
"102001";"Gwendolyn";"Mitchell";"31093"
"102003";"Anne";"Fletcher";"31093"
"102012";"Lily";"Law";"31086"
"102015";"Neal";"Williams";"31079"
"102016";"Moe";"Shirakawa";"31079"
"102017";"Julie";"Strand";"31079"
"102018";"Courtney";"Kent";"31079"
"102019";"Golda";"Johnson";"31072"
"102020";"Ryan";"Johnson";"31072"
"102022";"Adam";"Johnson";"31072"
"102023";"Mark";"Mcgriff";"31072"
"102026";"Wendy";"Hayes";"31065"
"102029";"James";"Taylor";"31065"
"102030";"Ayub";"Birkeland";"31065"
"102031";"Ray";"Rodriguez";"31058"
"102032";"Damon";"Allard";"31058"
"102034";"Kristen";"Allen";"31058"
"102040";"Motochika";"Murai";"31058"
"102041";"Ava";"Atkinson";"31058"
"102044";"Ahmad";"Fox";"31051"
"102045";"Carl";"Schwartz";"31051"
"102046";"Kelly";"Williamson";"31051"
"102047";"Roseann";"Gomez";"31051"
"102048";"Pauline";"Quarles";"31051"
"102050";"Sandy";"Leggett";"31051"
"102051";"Willis";"Myler";"31044"
"102052";"Charles";"Thompson";"31044"
"102055";"Deborah";"Foster";"31044"
"102058";"Kiyotaka";"Kamitani";"31044"
"102064";"Thelma";"Lindsey";"31037"
"102066";"Tracy";"Leonard";"31037"
"102068";"Roger";"Rogers";"31037"
"102069";"Allen";"Bernier";"31037"
"102071";"John";"Woods";"31037"
"102072";"Erika";"Wasserman";"31037"
"102073";"Hubert";"Pinson";"31030"
"102075";"Hikaru";"Shibata";"31030"
"102078";"Amber";"Yates";"31030"
"102079";"Richard";"Crosby";"31023"
"102080";"Robert";"Jackson";"31023"
"102082";"Michael";"Perez";"31023"
"102084";"Elina";"Johansen";"31023"
"102085";"Terrence";"Humphreys";"31016"
"102087";"Thomas";"Dozier";"31016"
"102090";"Jean";"Andreas";"31016"
"102092";"Ruby";"Bartlett";"31016"
"102095";"John";"Eames";"31009"
"102097";"Casey";"Roberts";"31009"
"102101";"Cheryl";"Suzuki";"31002"
"102103";"Robert";"Gillespie";"31002"
"102105";"Emanuel";"Natvig";"31002"
"102106";"Kyle";"Humphreys";"31002"
"102109";"Andrew";"Ronan";"30995"
"102110";"Roberto";"Torres";"30988"
"102112";"Christopher";"Lantz";"30988"
"102114";"Tracy";"Fortner";"30988"
"102115";"Patricia";"Larson";"30988"
"102117";"Becky";"Brousseau";"30981"
"102119";"Takeru";"Taue";"30981"
"102120";"Aimee";"Reed";"30981"
"102122";"Jodie";"Mann";"30981"
"102124";"Fernando";"Schmidt";"30974"
"102125";"Narue";"Hayagawa";"30974"
"102126";"Leah";"Farah";"30974"
"102128";"Stephen";"Correa";"30967"
"102131";"Jens";"Bratland";"30967"
"102132";"Isaac";"Lloyd";"30967"
"102133";"Georgeanna";"Loveless";"30960"
"102135";"Mary";"Hopkins";"30960"
"102136";"Ramona";"Gilmore";"30960"
"102137";"Lucille";"Carillo";"30960"
"102138";"Mary";"Frederick";"30960"
"102141";"Tyler";"Nash";"30960"
"102145";"Catherine";"Mason";"30953"
"102146";"Etsuo";"Kamihara";"30953"
"102148";"George";"Russell";"30946"
"102151";"Debra";"Perry";"30946"
"102153";"Kevin";"Vallecillo";"30946"
"102154";"Laura";"Bernard";"30946"
"102155";"James";"Bell";"30946"
"102157";"Lisa";"Richardson";"30946"
"102159";"John";"Gentile";"30946"
"102161";"Billie";"Sweeney";"30946"
"102162";"Theresa";"Irick";"30946"
"102163";"Carla";"Campbell";"30946"
"102164";"Peter";"Coleman";"30946"
"102165";"Ryan";"Stennett";"30946"
"102169";"Haydee";"Shoe";"30939"
"102170";"Sara";"Torres";"30939"
"102173";"Andre";"Twyman";"30939"
"102176";"Myron";"Collins";"30939"
"102177";"Suzanne";"Roberts";"30939"
"102179";"Barbara";"Quinonez";"30939"
"102181";"Mary";"Bland";"30939"
"102183";"Kanami";"Ichikawa";"30939"
"102185";"Eileen";"Slen";"30939"
"102186";"John";"Kraemer";"30932"
"102187";"Shannon";"Johnson";"30932"
"102189";"Sherrie";"Simon";"30932"
"102191";"Ricardo";"Whitmore";"30932"
"102192";"James";"Hurley";"30932"
"102193";"Maria";"Edwards";"30932"
"102199";"Benjamin";"Barnett";"30925"
"102201";"Nicholas";"Sipe";"30925"
"102204";"Bridgette";"Borrelli";"30925"
"102205";"Francisco";"Nelson";"30925"
"102206";"Josephine";"Deloatch";"30925"
"102207";"Rodney";"Pettis";"30925"
"102208";"Charles";"King";"30925"
"102211";"Karen";"Stroud";"30918"
"102216";"Kazuho";"Kokura";"30918"
"102217";"Joseph";"Bennett";"30911"
"102221";"Robert";"Owens";"30911"
"102222";"John";"Wadlington";"30911"
"102225";"Otto";"Warner";"30911"
"102226";"Michelle";"Smith";"30911"
"102227";"Koushuu";"Goto";"30911"
"102229";"Natsue";"Kato";"30911"
"102230";"Adam";"Collins";"30911"
"102234";"Robert";"James";"30904"
"102235";"Robert";"Morgan";"30904"
"102237";"Ramon";"Turner";"30904"
"102239";"Berry";"Kirksey";"30904"
"102241";"Niki";"Cooper";"30904"
"102243";"Tilly";"Bevan";"30904"
"102245";"Ivory";"Davis";"30897"
"102246";"Robert";"Pedro";"30897"
"102247";"Lauren";"Romo";"30897"
"102248";"Monty";"Adkison";"30897"
"102249";"Ricardo";"Otto";"30897"
"102252";"Gertrude";"Allen";"30897"
"102253";"Oscar";"Ford";"30897"
"102254";"Zara";"Chambers";"30897"
"102255";"Harrison";"Bruce";"30897"
"102256";"Reynaldo";"Green";"30890"
"102257";"Lester";"Turner";"30890"
"102259";"Lisa";"Carlson";"30890"
"102260";"Tony";"Farina";"30890"
"102262";"Thomas";"Saldana";"30890"
"102263";"Linda";"Polk";"30890"
"102266";"Patti";"Ash";"30890"
"102269";"Marion";"Litten";"30890"
"102273";"Dewey";"Jones";"30890"
"102276";"Suzanne";"Graham";"30883"
"102277";"Melodie";"Davies";"30883"
"102278";"Jessica";"Manning";"30883"
"102279";"Robert";"Dubois";"30883"
"102284";"Ellie";"Roth";"30883"
"102287";"Lucius";"Olson";"30876"
"102290";"Melissa";"Garza";"30876"
"102291";"Donald";"Anderson";"30876"
"102293";"Charlie";"Mason";"30876"
"102295";"Jesse";"Utley";"30869"
"102297";"Rose";"Holyfield";"30869"
"102299";"Jeffery";"Mistretta";"30869"
"102302";"Maria";"Hindenes";"30869"
"102303";"Allen";"Manuel";"30862"
"102308";"Bertha";"Vasbinder";"30862"
"102311";"Della";"Saliba";"30862"
"102312";"Leland";"Salcido";"30862"
"102314";"Jake";"Sutton";"30862"
"102315";"Ellen";"Smith";"30855"
"102318";"Susan";"Keith";"30855"
"102321";"Millard";"Ginn";"30855"
"102322";"Jay";"Cervantez";"30855"
"102323";"Eva";"Harris";"30855"
"102324";"Eric";"Moore";"30855"
"102327";"Michael";"Griffin";"30855"
"102332";"Robert";"Wild";"30848"
"102334";"Michelle";"Weiner";"30848"
"102335";"Tomoyo";"Nakajima";"30848"
"102336";"Ava";"Welch";"30848"
"102337";"Harvey";"Webster";"30848"
"102341";"Serita";"Wilson";"30841"
"102342";"Joanne";"Fender";"30841"
"102343";"Rhonda";"Smart";"30841"
"102344";"Isabel";"Justis";"30841"
"102347";"James";"Kirby";"30841"
"102349";"Brian";"Pedroza";"30841"
"102356";"Joe";"Emrick";"30834"
"102359";"Simone";"Seo";"30827"
"102360";"Jamie";"Hodgson";"30827"
"102361";"David";"Rhodes";"30827"
"102370";"Mark";"Mckibben";"30820"
"102371";"Virginia";"Mooney";"30820"
"102372";"James";"Whitaker";"30820"
"102373";"Katherine";"Costa";"30820"
"102374";"Sandy";"Hawes";"30820"
"102378";"Kyle";"Randall";"30820"
"102380";"Mary";"Pena";"30817"
"102382";"Robert";"Balducci";"30817"
"102383";"Lorraine";"Harper";"30817"
"102385";"Patsy";"Vang";"30813"
"102386";"Maria";"Brooks";"30813"
"102388";"Jonathon";"Bennett";"30813"
"102392";"Jae";"Jeter";"30813"
"102397";"Jane";"Martin";"30813"
"102398";"Bonnie";"Adams";"30813"
"102399";"Mary";"Viramontes";"30813"
"102401";"Toby";"Coles";"30813"
"102402";"Joe";"Roberts";"30810"
"102403";"Charles";"Rice";"30810"
"102406";"Mary";"Palmer";"30806"
"102415";"Cynthia";"Fincher";"30806"
"102418";"Herbert";"White";"30806"
"102420";"Irene";"Marquis";"30806"
"102423";"Matthew";"Gaskill";"30806"
"102427";"Marcia";"Keith";"30806"
"102428";"Virginia";"Jones";"30806"
"102430";"Tiffany";"Frazier";"30806"
"102431";"Timothy";"Bailey";"30806"
"102432";"Catherine";"Kennedy";"30806"
"102433";"Charles";"Williams";"30806"
"102434";"Karen";"Wheeler";"30806"
"102436";"Daniel";"Granli";"30806"
"102437";"Isabella";"Barry";"30806"
"102441";"Shaquita";"Cremeans";"30803"
"102445";"Donald";"Newton";"30803"
"102446";"Mark";"Goodwin";"30799"
"102449";"Tina";"Johnson";"30799"
"102450";"Austin";"Conover";"30799"
"102452";"Rosalinda";"Ferris";"30799"
"102456";"Teresa";"Scott";"30799"
"102459";"Johnny";"Dunn";"30799"
"102461";"Eloy";"Kidd";"30799"
"102466";"Hazel";"Anderson";"30799"
"102467";"James";"Kelly";"30799"
"102469";"Mary";"Turner";"30799"
"102470";"John";"Reece";"30799"
"102477";"Maria";"Garcia";"30796"
"102479";"Annie";"Adames";"30796"
"102480";"Donald";"Kraker";"30792"
"102483";"Maria";"Jimenez";"30792"
"102484";"Dana";"Binder";"30792"
"102487";"Theda";"Larsen";"30792"
"102490";"Gilbert";"Smith";"30792"
"102494";"James";"Glover";"30789"
"102495";"Jude";"Alexander";"30789"
"102496";"Louise";"French";"30789"
"102499";"Jodi";"Hardy";"30789"
"102501";"Deloris";"Ingle";"30789"
"102502";"Charles";"Hayden";"30789"
"102503";"George";"Meier";"30789"
"102505";"Sue";"Chapman";"30785"
"102506";"Clyde";"Watson";"30785"
"102509";"Tammie";"Barker";"30785"
"102514";"Joseph";"Roth";"30785"
"102515";"Cindy";"Murray";"30785"
"102516";"Joseph";"Blaha";"30785"
"102517";"Roxann";"Lehman";"30785"
"102519";"Mary";"Meadows";"30785"
"102521";"Phillip";"Lehman";"30785"
"102523";"Lynette";"Hastings";"30785"
"102524";"Valerie";"Kinsey";"30785"
"102525";"Ashely";"Hamilton";"30785"
"102526";"Naru";"Kokura";"30785"
"102529";"Jeannette";"Haney";"30785"
"102530";"Kai";"Chandler";"30782"
"102531";"Jolene";"Garcia";"30782"
"102536";"Lena";"Carrillo";"30778"
"102537";"Virginia";"Fern";"30778"
"102539";"Katherine";"Evangelista";"30778"
"102540";"Shannon";"Black";"30778"
"102541";"Dewitt";"Weir";"30778"
"102542";"Catherine";"Hutcheson";"30778"
"102545";"Victoria";"Billups";"30778"
"102547";"Robert";"Tarango";"30778"
"102549";"Bertie";"Calahan";"30778"
"102554";"Joe";"Osterberg";"30778"
"102555";"Brittney";"Kinne";"30778"
"102556";"Robert";"Meyer";"30778"
"102558";"Octavio";"Owens";"30778"
"102560";"Anne";"Johnson";"30778"
"102561";"Lanny";"Perez";"30778"
"102562";"Kikumi";"Kikuchi";"30778"
"102564";"Teodor";"Bore";"30775"
"102567";"Stevie";"Williams";"30775"
"102569";"Ellen";"Mccann";"30775"
"102571";"Jacob";"Poynter";"30771"
"102572";"Vera";"Diaz";"30771"
"102575";"Logan";"Savage";"30771"
"102578";"Brenda";"Gilbert";"30771"
"102579";"David";"Lewis";"30771"
"102582";"Hilda";"Williams";"30771"
"102586";"Starr";"Dowd";"30771"
"102587";"Frank";"Reyes";"30771"
"102588";"Bryan";"Fleming";"30771"
"102590";"Paul";"Hancock";"30771"
"102593";"Robert";"Thompson";"30771"
"102594";"Deborah";"Lamphear";"30771"
"102597";"Richard";"Armstrong";"30771"
"102599";"Oscar";"Webster";"30771"
"102602";"Kiera";"Benson";"30768"
"102607";"Kevin";"Blackmon";"30768"
"102608";"Brian";"Hughes";"30768"
"102612";"Latonya";"Binder";"30764"
"102613";"Harry";"Parker";"30764"
"102615";"Jacqueline";"Rossi";"30764"
"102616";"Gloria";"Royals";"30764"
"102618";"Milton";"Russell";"30764"
"102619";"John";"Chilson";"30764"
"102620";"Alma";"Hess";"30764"
"102623";"Anthony";"Cook";"30764"
"102628";"Woodrow";"Aponte";"30764"
"102632";"Ann";"Quinones";"30757"
"102634";"Gerald";"Tyler";"30757"
"102639";"Betty";"Allen";"30750"
"102644";"Joyce";"Mcfadden";"30743"
"102648";"Tim";"Rindal";"30743"
"102649";"Madison";"Matthews";"30743"
"102650";"William";"Larson";"30736"
"102652";"Helen";"Salgado";"30736"
"102654";"Timothy";"Wyllie";"30736"
"102658";"Hallie";"Winters";"30729"
"102659";"Maria";"Shackleford";"30729"
"102660";"Katherine";"Collier";"30729"
"102661";"Erika";"Early";"30729"
"102662";"Richard";"Jennings";"30729"
"102664";"Harold";"Nguyen";"30729"
"102665";"Willie";"Leahy";"30729"
"102669";"Jon";"Bayer";"30729"
"102670";"Ina";"Leet";"30729"
"102673";"Shuumon";"Utsumi";"30729"
"102675";"Lorraine";"Kirkendall";"30729"
"102676";"Eldon";"Morris";"30722"
"102677";"Belinda";"Munroe";"30722"
"102680";"Vernon";"Soto";"30722"
"102681";"Masakazu";"Okumura";"30722"
"102683";"David";"Hoffman";"30715"
"102684";"Nicholas";"Lavigne";"30715"
"102685";"Stephen";"Estrada";"30715"
"102686";"Jack";"Jones";"30715"
"102688";"James";"Holley";"30715"
"102689";"Harry";"George";"30715"
"102691";"Brandie";"Thomas";"30715"
"102694";"Sylvia";"Vallejo";"30715"
"102696";"Sanna";"Ingebrigtsen";"30715"
"102698";"Timothy";"Foster";"30708"
"102701";"Katie";"Sellers";"30708"
"102702";"Charity";"Gokey";"30708"
"102704";"Phillip";"Aviles";"30708"
"102705";"Kevin";"Syed";"30708"
"102706";"Irvin";"Powell";"30708"
"102707";"Catherine";"Hibbard";"30708"
"102710";"Kaja";"Hetland";"30708"
"102712";"Alexander";"Bradley";"30708"
"102715";"Kevin";"Hannon";"30701"
"102717";"Patrick";"Boulanger";"30701"
"102718";"William";"Dalrymple";"30701"
"102719";"Laura";"Goodnight";"30701"
"102720";"Ernie";"Wood";"30701"
"102721";"Lisa";"Senn";"30701"
"102722";"Rita";"Kort";"30701"
"102723";"Virginia";"Schexnayder";"30701"
"102725";"Clarence";"Bell";"30701"
"102728";"Kayami";"Oyama";"30701"
"102731";"Matthew";"Bueno";"30694"
"102732";"Julie";"Jones";"30694"
"102734";"Sofia";"Leonard";"30694"
"102735";"Chi";"Kuo";"30691"
"102736";"William";"Nickle";"30687"
"102738";"Jonathan";"Westgate";"30687"
"102739";"Felicia";"Heath";"30687"
"102741";"Bradley";"Tillett";"30680"
"102743";"Priscilla";"Williams";"30680"
"102744";"Richard";"Lerner";"30680"
"102746";"Edward";"Donahue";"30673"
"102747";"Andrew";"Morgan";"30673"
"102748";"Jeffrey";"Christenson";"30673"
"102749";"Melissa";"Rodas";"30673"
"102751";"Fred";"Rohrbaugh";"30673"
"102752";"Kristoffer";"Jrgensen";"30673"
"102753";"Gertrude";"Berg";"30666"
"102756";"Stephanie";"Clegg";"30666"
"102758";"Max";"Wallis";"30666"
"102759";"Adam";"Wilson";"30666"
"102760";"Ivan";"Gilbert";"30659"
"102761";"Jeffery";"Randle";"30659"
"102762";"Joe";"Lara";"30659"
"102764";"Ora";"Taylor";"30659"
"102765";"Emma";"Drennan";"30659"
"102767";"Wade";"Marquez";"30659"
"102769";"Christopher";"Majors";"30659"
"102773";"Clara";"Tillson";"30652"
"102774";"Howard";"Hernandez";"30652"
"102781";"Harry";"Dejesus";"30652"
"102783";"David";"Hunt";"30652"
"102784";"Xiong";"Tung";"30652"
"102786";"Rong";"Ku";"30652"
"102787";"Bernard";"Tompkins";"30645"
"102788";"Robert";"Quarles";"30645"
"102791";"Roland";"Fortunato";"30645"
"102796";"Maria";"Cagle";"30638"
"102798";"Arthur";"Strait";"30638"
"102801";"Mario";"Greenwood";"30631"
"102804";"Dennis";"Kim";"30631"
"102805";"Grace";"Avery";"30631"
"102806";"Mollie";"Huddleston";"30631"
"102807";"Jennifer";"Ballard";"30631"
"102809";"Kathleen";"Lazaro";"30624"
"102811";"Arthur";"Clark";"30624"
"102812";"Irene";"Burns";"30624"
"102815";"Shawna";"Brown";"30624"
"102818";"Lorita";"Pearson";"30617"
"102821";"Alice";"Smith";"30617"
"102822";"Christina";"Wang";"30617"
"102823";"Lyle";"Hein";"30610"
"102825";"Thomas";"Stephens";"30610"
"102826";"Irma";"Crawford";"30610"
"102827";"Emma";"Morgan";"30610"
"102828";"Kimberly";"Osborne";"30610"
"102829";"Stephen";"Harris";"30610"
"102832";"Harold";"Feldman";"30603"
"102834";"Wayne";"Crittendon";"30603"
"102836";"Ruben";"Williams";"30603"
"102838";"Anne";"Hall";"30603"
"102839";"Gregoria";"Henriksen";"30603"
"102841";"Ivan";"Jones";"30596"
"102842";"Ivy";"Ray";"30596"
"102843";"Joanne";"Homer";"30596"
"102845";"Donna";"Christopher";"30596"
"102846";"Diana";"Rolon";"30596"
"102848";"Richard";"Stamps";"30589"
"102849";"Gordon";"May";"30589"
"102852";"Marcus";"Woodard";"30589"
"102854";"Arthur";"Daniels";"30589"
"102856";"Kate";"Pritchard";"30589"
"102857";"Mohammad";"Khan";"30589"
"102858";"Edward";"Hayward";"30589"
"102862";"Gwyn";"Ferrell";"30582"
"102871";"Kristin";"Watson";"30575"
"102876";"Lucille";"Bridges";"30575"
"102878";"Xiao chen";"Chao";"30575"
"102879";"Skye";"Benson";"30575"
"102882";"Wally";"Foreman";"30568"
"102884";"Elsie";"Rodriguez";"30568"
"102885";"Eileen";"Howell";"30568"
"102886";"William";"Rutledge";"30568"
"102888";"Tara";"Blake";"30568"
"102889";"Laura";"Martinez";"30568"
"102890";"Jerald";"Lane";"30568"
"102892";"Leone";"Archer";"30568"
"102893";"Jennifer";"Kim";"30568"
"102894";"Charles";"Smith";"30568"
"102897";"Marie";"Benavides";"30568"
"102898";"Betty";"Scudder";"30568"
"102901";"Jeremy";"Coleman";"30561"
"102902";"Helen";"Human";"30561"
"102904";"David";"Erickson";"30561"
"102909";"Terri";"Haley";"30561"
"102911";"Daniel";"Terrell";"30561"
"102912";"Larry";"Hackett";"30561"
"102913";"Harry";"Allen";"30561"
"102914";"Michael";"Matlock";"30561"
"102917";"Louie";"Gardner";"30561"
"102919";"Gloria";"Coleman";"30554"
"102924";"Kristi";"Bergman";"30554"
"102925";"Deborah";"Rivera";"30554"
"102929";"Grace";"Garcia";"30554"
"102931";"Marlene";"Anderson";"30554"
"102935";"Marshall";"Lavery";"30550"
"102936";"Shannon";"Washington";"30550"
"102940";"Kelvin";"Dennison";"30547"
"102942";"Joseph";"Zuniga";"30547"
"102945";"Nakita";"Williams";"30547"
"102950";"Michael";"Marks";"30547"
"102952";"Constance";"Garneau";"30547"
"102960";"Robert";"Hawes";"30547"
"102964";"Kotono";"Hidaka";"30547"
"102965";"Ella";"Baker";"30547"
"102966";"Adrian";"Olsen";"30543"
"102967";"Maya";"Blackburn";"30543"
"102987";"Paris";"Brock";"30533"
"102989";"Julie";"Day";"30533"
"102993";"Frank";"Caputo";"30533"
"102994";"Nicole";"Davis";"30533"
"102995";"Charles";"Borden";"30533"
"102999";"Patricia";"Patterson";"30533"
"103000";"Carlyn";"Jensen";"30533"
"103001";"Joseph";"Cox";"30533"
"103002";"Jennifer";"Branch";"30533"
"103004";"Ralph";"Harrison";"30533"
"103011";"Eva";"Warner";"30533"
"103012";"Aidan";"Nelson";"30533"
"103014";"Delores";"Carter";"30526"
"103015";"Berniece";"Abram";"30526"
"103020";"Melody";"Lee";"30526"
"103022";"Marie";"Thibodeau";"30526"
"103023";"Peggy";"Lynch";"30526"
"103026";"Alecia";"Booth";"30526"
"103028";"Virginia";"Davis";"30526"
"103029";"Troy";"Renfro";"30526"
"103031";"Michael";"Snowden";"30526"
"103033";"Jerry";"Pastor";"30519"
"103034";"Rita";"Avery";"30519"
"103035";"Jamal";"Ward";"30519"
"103036";"Michelle";"Cleary";"30519"
"103037";"Samuel";"Quiroz";"30519"
"103040";"David";"Harbuck";"30519"
"103042";"John";"Allen";"30519"
"103044";"Cornell";"Tyler";"30519"
"103045";"Michael";"Rubio";"30519"
"103046";"Bernadine";"Harley";"30519"
"103047";"Alton";"Moran";"30519"
"103048";"Chow";"Chia";"30519"
"103049";"Freddie";"Manning";"30519"
"103052";"Gerry";"Colucci";"30515"
"103053";"Allen";"Kerrigan";"30515"
"103055";"Andrew";"Hutzler";"30512"
"103056";"Patricia";"Thom";"30512"
"103057";"Glenn";"Silva";"30512"
"103058";"Charlotte";"Erbe";"30512"
"103062";"Kimberly";"Roberts";"30512"
"103064";"Hazel";"Boswell";"30512"
"103066";"Andrew";"Stowell";"30512"
"103068";"Jake";"Spires";"30512"
"103069";"Kenneth";"Andrews";"30512"
"103071";"Robert";"Rocco";"30512"
"103072";"Gail";"Gray";"30512"
"103077";"Bernard";"Kwok";"30512"
"103081";"Jun";"Chu";"30512"
"103083";"Ayako";"Koga";"30512"
"103086";"Laura";"Birnbaum";"30508"
"103087";"Mattie";"Diaz";"30508"
"103088";"Ann";"Anderson";"30508"
"103089";"Pamela";"Deloera";"30508"
"103091";"Jim";"Goldberg";"30505"
"103096";"Emery";"Beaver";"30505"
"103097";"Victoria";"Gaughan";"30505"
"103099";"Christopher";"Davis";"30505"
"103101";"Houston";"Gaston";"30505"
"103103";"Lisa";"Vigil";"30505"
"103105";"John";"Valdez";"30505"
"103106";"James";"Bearden";"30505"
"103107";"Lawrence";"Walston";"30505"
"103108";"Rita";"Burnett";"30505"
"103110";"Cathy";"Vick";"30505"
"103111";"Cleveland";"House";"30505"
"103112";"Lynn";"Neumann";"30505"
"103113";"Nathaniel";"Aponte";"30505"
"103114";"Ila";"Pritchard";"30505"
"103117";"Helen";"Burton";"30505"
"103119";"Wendell";"Giese";"30505"
"103121";"David";"Wilson";"30505"
"103123";"Patricia";"Pogue";"30505"
"103124";"Herman";"Venable";"30505"
"103125";"Yuan";"Hung";"30505"
"103126";"Ukita";"Kamihara";"30505"
"103127";"Toby";"Walker";"30505"
"103129";"Grace";"Freeman";"30501"
"103130";"Aaliyah";"O'neill";"30501"
"103131";"Kate";"Bergman";"30501"
"103132";"Wendell";"Sasser";"30501"
"103133";"Dorothy";"Murphy";"30501"
"103134";"Brendan";"Allen";"30501"
"103136";"Robert";"Ball";"30501"
"103138";"Jeanette";"Embry";"30498"
"103139";"Shelia";"Journey";"30498"
"103141";"Michael";"Montgomery";"30498"
"103142";"Benjamin";"Guthrie";"30498"
"103143";"Kathy";"West";"30498"
"103144";"Tony";"Warren";"30498"
"103146";"Robert";"Sands";"30498"
"103148";"Michael";"Dodgen";"30498"
"103149";"Frank";"Carden";"30498"
"103150";"Julia";"Trost";"30498"
"103153";"William";"Fultz";"30498"
"103157";"Lynnette";"Zuckerman";"30498"
"103160";"William";"Tate";"30498"
"103162";"Harvey";"Carter";"30498"
"103166";"James";"Saavedra";"30494"
"103168";"Eddie";"Evans";"30491"
"103169";"Wilbur";"Holden";"30491"
"103171";"Ruth";"Mahon";"30491"
"103173";"Ernest";"Robinson";"30491"
"103174";"Marilyn";"Reese";"30491"
"103175";"William";"Hills";"30491"
"103178";"Keith";"Ducote";"30491"
"103179";"Tonya";"Brown";"30491"
"103184";"Lewis";"Umberger";"30491"
"103186";"Bao";"Yuan";"30491"
"103188";"Timothy";"Clemons";"30487"
"103191";"Annette";"Allen";"30487"
"103193";"Florence";"Hurlbut";"30484"
"103195";"John";"Janus";"30484"
"103197";"Harold";"Hodgson";"30484"
"103198";"John";"Jordan";"30484"
"103199";"Ralph";"Askew";"30484"
"103207";"Matthew";"Henry";"30484"
"103208";"Mary";"Cordoba";"30484"
"103209";"Kari";"Forrest";"30484"
"103210";"Stuart";"Weaver";"30484"
"103214";"Karen";"Stevenson";"30484"
"103215";"William";"Mayfield";"30484"
"103217";"Paige";"Hale";"30480"
"103220";"Chad";"Casper";"30480"
"103224";"Julia";"Ngo";"30477"
"103228";"David";"Bellamy";"30477"
"103230";"Melvin";"Chamberlain";"30477"
"103231";"James";"White";"30477"
"103232";"Timothy";"Kay";"30477"
"103233";"Muriel";"Mora";"30477"
"103234";"Kirk";"Crayton";"30477"
"103235";"Maria";"Hill";"30477"
"103238";"Jane";"Rankin";"30477"
"103239";"Edgar";"Lyons";"30477"
"103240";"Andrew";"Bernard";"30477"
"103241";"Marlene";"Lee";"30477"
"103244";"Marilyn";"Key";"30477"
"103245";"Joseph";"Ward";"30477"
"103249";"Feng";"Yeh";"30477"
"103252";"Demi";"Stanley";"30473"
"103253";"Morgan";"Townsend";"30473"
"103255";"Melanie";"Chavez";"30473"
"103257";"Blair";"Cearley";"30473"
"103258";"Lori";"Moles";"30473"
"103261";"Timothy";"Simpson";"30470"
"103262";"Harry";"Glenn";"30470"
"103263";"Jaimie";"Fisher";"30470"
"103265";"Betty";"Martin";"30470"
"103266";"Thanh";"Harrison";"30470"
"103267";"David";"Salley";"30470"
"103271";"Patricia";"Coleman";"30470"
"103274";"Kunimi";"Kanda";"30470"
"103277";"Melanie";"Tillman";"30466"
"103278";"Rebecca";"Stokes";"30466"
"103280";"Richard";"Barber";"30466"
"103282";"Adam";"Martinez";"30463"
"103283";"Joshua";"Thorpe";"30463"
"103284";"David";"Williams";"30463"
"103286";"Robin";"Ayres";"30463"
"103287";"Curtis";"Mattox";"30463"
"103289";"Theresa";"Grayson";"30463"
"103290";"Carl";"Markowitz";"30463"
"103291";"Joann";"Carlton";"30463"
"103294";"David";"Cordell";"30463"
"103298";"Shana";"Hummel";"30463"
"103299";"Kristin";"Jagger";"30463"
"103300";"Simon";"Brown";"30463"
"103304";"George";"Rocha";"30463"
"103307";"William";"Walker";"30463"
"103308";"Esther";"Hunter";"30463"
"103318";"Adele";"Lken";"30459"
"103319";"Alma";"Sandberg";"30459"
"103320";"Lucas";"Sykes";"30459"
"103322";"Michael";"Cruz";"30459"
"103324";"Michelle";"Pfeiffer";"30459"
"103327";"Carmen";"Francis";"30456"
"103329";"Shane";"Croyle";"30456"
"103331";"Derrick";"Cunningham";"30456"
"103332";"Mavis";"Jenkins";"30456"
"103334";"Judith";"Tyson";"30456"
"103335";"Philip";"Zeitz";"30456"
"103338";"Colleen";"Murray";"30456"
"103339";"Dolores";"Teal";"30456"
"103343";"Jean";"White";"30456"
"103344";"Cory";"Fredericks";"30456"
"103345";"Linda";"Smith";"30456"
"103346";"Raymond";"Donato";"30456"
"103348";"Victoria";"Williams";"30456"
"103349";"Juanita";"Courtney";"30456"
"103354";"William";"Wood";"30449"
"103355";"James";"Nettles";"30449"
"103358";"Ada";"Hatcher";"30449"
"103359";"Wilbur";"Figueredo";"30449"
"103361";"Bobby";"Stillman";"30449"
"103362";"Thomas";"Hansford";"30449"
"103363";"Jennifer";"Holton";"30449"
"103367";"Mari";"Haugen";"30449"
"103368";"Naomi";"Johnson";"30449"
"103370";"Alan";"Clark";"30442"
"103376";"Sean";"Warner";"30442"
"103378";"Shawn";"Richardson";"30435"
"103379";"Sean";"Butler";"30435"
"103384";"Robert";"Heffron";"30428"
"103386";"Jerry";"Lankford";"30428"
"103392";"Constance";"Samford";"30421"
"103393";"Penny";"Gilbert";"30421"
"103394";"Harold";"Whaley";"30421"
"103398";"Drew";"Cornette";"30421"
"103404";"Ernest";"Smith";"30414"
"103406";"Darryl";"Sheridan";"30414"
"103407";"Helen";"Williams";"30414"
"103409";"Marilyn";"Melton";"30414"
"103414";"Matthew";"Pointer";"30407"
"103415";"Josie";"Harlow";"30407"
"103416";"Joshua";"Hannah";"30407"
"103421";"Marsha";"Ledoux";"30400"
"103424";"Gloria";"Reilley";"30400"
"103425";"Loretta";"Alaniz";"30400"
"103426";"Sharon";"Diep";"30400"
"103428";"Eduardo";"Davis";"30400"
"103430";"Georgia";"Simpson";"30400"
"103431";"Gene";"Oliver";"30393"
"103432";"Rosa";"Hailey";"30393"
"103437";"Qi";"Peng";"30393"
"103439";"Ewan";"Austin";"30393"
"103440";"Louie";"Randall";"30393"
"103442";"Blake";"Liner";"30390"
"103443";"Jason";"Sims";"30390"
"103444";"Yvette";"Porter";"30386"
"103445";"Dorothy";"Mueller";"30386"
"103447";"Shelly";"Lucas";"30386"
"103449";"Charmaine";"Eubanks";"30386"
"103450";"Usha";"Brayton";"30386"
"103451";"Richard";"Ezell";"30386"
"103452";"Victor";"Harman";"30386"
"103453";"Gary";"Thomas";"30386"
"103454";"Louise";"Davidson";"30386"
"103457";"Scarlett";"Perkins";"30386"
"103462";"Richard";"Sheffield";"30379"
"103463";"Jeffrey";"Groves";"30379"
"103465";"Kerry";"Hammontree";"30379"
"103470";"Liam";"Rahman";"30379"
"103471";"Nicole";"Davis";"30372"
"103473";"Herbert";"Yoho";"30372"
"103474";"Dewei";"Yeh";"30372"
"103476";"Finley";"Field";"30372"
"103478";"David";"Goodman";"30365"
"103481";"James";"Vandergriff";"30365"
"103482";"Billie";"Elliott";"30365"
"103485";"Jrgen";"Holme";"30365"
"103491";"Riyo";"Kitamura";"30358"
"103493";"Julio";"Brungardt";"30351"
"103495";"Kathleen";"Stern";"30351"
"103497";"Randy";"Kish";"30351"
"103498";"Natasha";"Bentley";"30351"
"103499";"Daisy";"Holt";"30351"
"103501";"Manuel";"Weeks";"30344"
"103504";"James";"Griggs";"30344"
"103505";"Ralph";"Capone";"30344"
"103506";"Cynthia";"Adamson";"30344"
"103507";"Michael";"Harper";"30344"
"103509";"Mildred";"Maddocks";"30337"
"103510";"Catherine";"Coy";"30337"
"103511";"Cynthia";"Barnes";"30337"
"103512";"Patricia";"Wight";"30337"
"103513";"Harvey";"Griffin";"30337"
"103516";"Wen";"Mao";"30337"
"103517";"David";"James";"30330"
"103518";"Edith";"Langer";"30330"
"103520";"Li";"Ting";"30330"
"103521";"Brandon";"Mcdonald";"30330"
"103523";"Raymond";"Showalter";"30323"
"103524";"Karen";"Bourget";"30323"
"103525";"Harold";"Connors";"30323"
"103526";"Doyle";"Richardson";"30323"
"103527";"Charlie";"Randall";"30323"
"103530";"Kenneth";"Davis";"30316"
"103533";"Patricia";"Hurtado";"30316"
"103534";"Jerilyn";"Hendricks";"30316"
"103536";"Miyoko";"Oyokawa";"30316"
"103537";"Michael";"Meyer";"30309"
"103538";"Rodolfo";"Workman";"30309"
"103541";"Sandra";"Stuart";"30309"
"103542";"Kristin";"Rosa";"30309"
"103543";"Susan";"Piper";"30309"
"103544";"Shaiming";"Hsia";"30309"
"103545";"Akinobu";"Hazama";"30309"
"103547";"Kikuko";"Sahaku";"30309"
"103548";"Asa";"Maggard";"30302"
"103549";"David";"Beall";"30302"
"103550";"Alma";"Ritter";"30302"
"103551";"James";"Morgan";"30302"
"103555";"Theodore";"Robinson";"30302"
"103556";"Selena";"Hooker";"30302"
"103559";"Jesse";"Ankney";"30295"
"103560";"James";"Irvin";"30295"
"103565";"Frederick";"Miller";"30288"
"103566";"Michael";"Smith";"30288"
"103572";"Henrik";"Berntsen";"30288"
"103573";"Leandra";"Anderson";"30281"
"103574";"Rebekah";"Strickland";"30281"
"103575";"Tracy";"Blanco";"30281"
"103577";"Michelle";"Moore";"30281"
"103578";"Yuan";"K'ung";"30281"
"103579";"Ping";"Yang";"30281"
"103583";"Dustin";"Ojeda";"30274"
"103587";"Galen";"Logsdon";"30274"
"103588";"Terry";"Rothermel";"30274"
"103591";"Callum";"Gill";"30274"
"103593";"Christopher";"Nichols";"30267"
"103594";"Virginia";"Mason";"30267"
"103597";"Howard";"Peterson";"30267"
"103598";"Robert";"Morris";"30267"
"103599";"Willie";"Jordan";"30267"
"103601";"Rena";"Saxon";"30267"
"103602";"Cai";"Ch'ien";"30267"
"103603";"Masaru";"Hiyoshi";"30267"
"103604";"Samuel";"Lawson";"30267"
"103605";"Mason";"Warner";"30267"
"103606";"Juan";"Velasquez";"30260"
"103607";"Malinda";"Smith";"30260"
"103610";"Desiree";"Green";"30260"
"103614";"Steven";"Ryder";"30260"
"103618";"Fatima";"Rian";"30260"
"103619";"Amanda";"Townsend";"30253"
"103620";"Loyd";"Bruce";"30253"
"103623";"Evangeline";"Gaines";"30253"
"103624";"Sara";"Laverriere";"30253"
"103625";"Kenneth";"Mcmillion";"30253"
"103626";"Esther";"Cundiff";"30253"
"103628";"Jake";"Chadwick";"30253"
"103630";"Lettie";"Johnston";"30246"
"103632";"Francis";"Beck";"30246"
"103634";"Mary";"Drum";"30246"
"103637";"Brent";"Braun";"30239"
"103638";"Erica";"Navarro";"30239"
"103640";"Sonia";"Kyles";"30239"
"103643";"Ernest";"Mckinnon";"30239"
"103645";"Louise";"Wilson";"30239"
"103646";"Clarence";"Tufts";"30239"
"103647";"Reginald";"Emerson";"30239"
"103650";"Dennis";"Alexander";"30239"
"103655";"Anna";"Smith";"30239"
"103656";"Vi";"Gray";"30239"
"103660";"Taylor";"Watts";"30234"
"103665";"Trisha";"Cisneros";"30232"
"103666";"Jacqueline";"Boling";"30232"
"103667";"Ernesto";"Falzone";"30232"
"103669";"Sasha";"Johnson";"30232"
"103670";"Teri";"Louder";"30232"
"103671";"Kenneth";"Inglis";"30232"
"103674";"John";"Bennett";"30232"
"103675";"Quinn";"Gowins";"30232"
"103676";"Leon";"Miller";"30232"
"103677";"Mary";"Chapman";"30232"
"103680";"Matthew";"Hensel";"30232"
"103682";"Michael";"Robinson";"30232"
"103683";"Joyce";"Kirby";"30232"
"103686";"Michael";"Lovejoy";"30232"
"103687";"Jennifer";"Harris";"30225"
"103689";"James";"Eshelman";"30225"
"103690";"Regina";"Johnson";"30225"
"103693";"Louis";"Milligan";"30225"
"103699";"Jayden";"Price";"30218"
"103703";"Danielle";"Tucker";"30211"
"103707";"John";"Ramos";"30204"
"103708";"Tracy";"Haughton";"30204"
"103711";"Dallas";"Wong";"30204"
"103712";"Song";"Tuan";"30204"
"103713";"Sienna";"Sharpe";"30204"
"103715";"Janetta";"Ramer";"30197"
"103717";"Geneva";"Carrasquillo";"30197"
"103718";"Carole";"Saldana";"30197"
"103719";"Barbara";"Larsen";"30197"
"103720";"Judy";"Green";"30197"
"103721";"David";"Smith";"30197"
"103723";"Timmy";"Jenkin";"30197"
"103728";"Andrew";"Thomson";"30197"
"103730";"Joyce";"Bolander";"30190"
"103732";"Lisa";"Rodriguez";"30190"
"103733";"Frank";"Gonzales";"30190"
"103734";"Richard";"Dougherty";"30190"
"103740";"Felicia";"Turner";"30190"
"103741";"Gladys";"Holcombe";"30190"
"103743";"Olin";"Keith";"30190"
"103744";"Robert";"Schrader";"30190"
"103746";"Gary";"Jones";"30190"
"103747";"Hu";"P'eng";"30190"
"103748";"Ralph";"Bowling";"30183"
"103753";"Kim";"Williams";"30176"
"103756";"Desmond";"Morales";"30176"
"103757";"Jarrett";"Williams";"30176"
"103758";"Annett";"Shaffer";"30176"
"103762";"Oscar";"Hussain";"30176"
"103763";"Andres";"Tremper";"30169"
"103765";"David";"Hopkins";"30169"
"103767";"Jacqueline";"Banks";"30169"
"103768";"Richard";"Rogers";"30169"
"103769";"Elizabeth";"Simmons";"30169"
"103770";"Donna";"Rice";"30169"
"103771";"Yue ying";"Tsui";"30169"
"103777";"Peter";"Phillips";"30162"
"103780";"Mirta";"Hines";"30155"
"103781";"John";"Johnson";"30155"
"103783";"Shirley";"Rowell";"30155"
"103784";"Norman";"Burnside";"30155"
"103787";"So";"Moua";"30155"
"103788";"Calvin";"Meadows";"30155"
"103789";"Shaiming";"Hao";"30155"
"103793";"Clyde";"Moore";"30148"
"103795";"Collette";"Temple";"30148"
"103804";"Karen";"Morris";"30141"
"103806";"Debra";"Santillanes";"30141"
"103808";"Xia";"Fu";"30141"
"103811";"Laura";"Meredith";"30134"
"103814";"Philip";"Price";"30134"
"103817";"Rachel";"Baumgartner";"30134"
"103821";"Shi";"Fu";"30134"
"103822";"Larry";"Lovett";"30127"
"103828";"Adam";"Burns";"30120"
"103829";"Norma";"Hamann";"30120"
"103831";"Florence";"Silvey";"30120"
"103832";"Mary";"Arrington";"30120"
"103834";"Beth";"Taylor";"30120"
"103837";"Kristopher";"Pearson";"30120"
"103841";"Regina";"Pritchard";"30120"
"103843";"Yi";"Tseng";"30120"
"103846";"Mark";"Seaman";"30113"
"103847";"Brenda";"Mckinley";"30113"
"103850";"Betty";"Metz";"30113"
"103859";"Bertha";"Mcguire";"30099"
"103862";"Walter";"Castro";"30099"
"103863";"Gerald";"Payne";"30099"
"103865";"Susan";"Stiles";"30099"
"103867";"Vernon";"Wadley";"30099"
"103869";"Melissa";"Franks";"30092"
"103872";"Cameron";"Wolfe";"30092"
"103874";"Dean";"Reaves";"30092"
"103876";"Martha";"Outlaw";"30092"
"103879";"Minh";"Barnes";"30085"
"103884";"Alfred";"Young";"30085"
"103885";"Alba";"Brophy";"30085"
"103890";"Charles";"Mccarthy";"30078"
"103891";"Elliott";"Holloway";"30078"
"103893";"Danae";"Williams";"30071"
"103894";"Marguerite";"Clayton";"30071"
"103901";"Tracey";"Olivares";"30064"
"103902";"Stephen";"Bazan";"30064"
"103903";"Mitchell";"Robinson";"30064"
"103905";"Joseph";"Smith";"30057"
"103908";"Mary";"Hartley";"30057"
"103909";"Jeannie";"Wilson";"30057"
"103910";"Anna";"Mcdonald";"30057"
"103912";"Pei";"Galloway";"30057"
"103913";"Robert";"Guerrero";"30057"
"103914";"Cong";"Tang";"30057"
"103916";"Catherine";"Betz";"30050"
"103918";"Frank";"Jones";"30050"
"103919";"Annette";"Paul";"30043"
"103920";"Nestor";"Quimby";"30043"
"103921";"Matthew";"Delcambre";"30043"
"103924";"Robert";"Anderson";"30043"
"103926";"Wilbur";"Downs";"30043"
"103931";"Doyle";"Brown";"30036"
"103935";"Lynn";"Robb";"30029"
"103937";"Zelda";"Aguilar";"30029"
"103938";"Jill";"Cummins";"30029"
"103939";"Beth";"Sloan";"30029"
"103945";"Jan";"Haynes";"30029"
"103946";"Barry";"Haywood";"30029"
"103947";"Steven";"Marguez";"30029"
"103948";"Cynthia";"Cowen";"30029"
"103951";"Antonio";"Vass";"30029"
"103952";"Debra";"Johnston";"30029"
"103956";"Ellen";"Thomas";"30029"
"103958";"Ryan";"Bailey";"30029"
"103960";"Louis";"Basnight";"30029"
"103961";"Patricia";"Mcbride";"30029"
"103964";"Millie";"Leonard";"30024"
"103967";"Roberta";"Thomas";"30024"
"103968";"Jackson";"Putnam";"30024"
"103973";"George";"Sealey";"30022"
"103976";"John";"Hobdy";"30022"
"103977";"Joseph";"Moreau";"30022"
"103978";"Jerry";"Moore";"30022"
"103979";"Helen";"Cho";"30022"
"103981";"James";"Privette";"30022"
"103982";"Richard";"Smith";"30022"
"103983";"Michael";"Hardee";"30022"
"103987";"Stephen";"Gates";"30017"
"103991";"Eric";"Chan";"30017"
"103994";"Ruth";"Hays";"30015"
"103996";"Richard";"Hershberger";"30015"
"103997";"Brandon";"Beem";"30015"
"103998";"Phillip";"Barker";"30015"
"103999";"Janel";"Sutter";"30015"
"104000";"Melvin";"Scott";"30015"
"104001";"Wendy";"Anderson";"30015"
"104002";"Lucy";"Pierce";"30015"
"104003";"Tori";"Hirsch";"30015"
"104004";"Mark";"Thompson";"30015"
"104005";"John";"Mitchell";"30015"
"104006";"Douglas";"Washington";"30015"
"104008";"Susan";"Powell";"30015"
"104012";"Edward";"Mccloskey";"30015"
"104014";"Derek";"Jones";"30015"
"104016";"Matthew";"Williams";"30015"
"104021";"Patricia";"Peak";"30010"
"104022";"Peter";"Baker";"30010"
"104023";"Jon";"Battaglia";"30008"
"104024";"William";"Cain";"30008"
"104025";"Ana";"Ledford";"30008"
"104026";"Bryan";"Pena";"30008"
"104027";"Towanda";"Perkins";"30008"
"104030";"Don";"Meek";"30008"
"104032";"Marvin";"Pollock";"30008"
"104033";"Alvin";"Rainer";"30008"
"104039";"Gwendolyn";"Banks";"30008"
"104040";"Edward";"Johnson";"30008"
"104041";"Andrew";"Rhodes";"30008"
"104043";"Archie";"Chapman";"30008"
"104044";"Chester";"Peters";"30008"
"104050";"William";"Lee";"30008"
"104053";"Larry";"Ellis";"30008"
"104056";"Alexander";"Gray";"30003"
"104057";"Petra";"Robinson";"30003"
"104060";"Rose";"Jensen";"30001"
"104061";"James";"Thomson";"30001"
"104062";"Thomas";"Nimmons";"30001"
"104065";"Mavis";"Montalvo";"30001"
"104068";"Gail";"Tanner";"30001"
"104069";"Robert";"Riggs";"30001"
"104073";"Haywood";"Jensen";"30001"
"104074";"Marian";"Marshall";"30001"
"104076";"Barry";"Wilber";"30001"
"104078";"Maria";"Oneal";"30001"
"104087";"Billy";"Allen";"29994"
"104089";"Guillermo";"Fisher";"29994"
"104090";"Steven";"Butler";"29994"
"104092";"Michael";"Mynatt";"29994"
"104095";"Peggy";"Jackson";"29994"
"104096";"Irene";"Quezada";"29994"
"104097";"Marilyn";"Doherty";"29994"
"104098";"Mary";"Nelson";"29994"
"104101";"Myra";"Kennedy";"29994"
"104102";"Annette";"Murphy";"29994"
"104104";"Travis";"Lovell";"29994"
"104107";"Virginia";"Harris";"29994"
"104110";"Leah";"Iqbal";"29989"
"104111";"Kayleigh";"Watts";"29989"
"104113";"Fannie";"Smith";"29989"
"104114";"Adam";"Jones";"29989"
"104115";"Robert";"Doxey";"29987"
"104119";"Wilbur";"Dotts";"29987"
"104123";"Stanley";"Paige";"29987"
"104124";"Robert";"Gross";"29987"
"104125";"Kevin";"Wallin";"29987"
"104126";"Margaret";"Ford";"29987"
"104129";"Elizabeth";"Rothrock";"29987"
"104130";"Mark";"Mercado";"29987"
"104131";"James";"Malone";"29987"
"104133";"David";"Higgins";"29987"
"104136";"Joseph";"Heinz";"29987"
"104141";"Adele";"Dominguez";"29987"
"104142";"Lou";"Welch";"29987"
"104143";"Lewis";"Prince";"29987"
"104146";"Ai";"Niu";"29987"
"104148";"Vetle";"Steinsland";"29987"
"104149";"Eline";"Olsen";"29987"
"104151";"Ronja";"Vassdal";"29982"
"104152";"Finley";"Holloway";"29982"
"104153";"Kayleigh";"Rahman";"29982"
"104154";"Heather";"Wright";"29982"
"104156";"Robert";"Grego";"29982"
"104157";"Nicole";"Munson";"29982"
"104159";"Nancy";"Chapman";"29982"
"104160";"Edgar";"Carpenter";"29982"
"104161";"Sherman";"Gallegos";"29980"
"104162";"Bernardo";"Terry";"29980"
"104163";"Lynnette";"House";"29980"
"104164";"Jane";"Thomas";"29980"
"104165";"Fred";"Ruby";"29980"
"104166";"Charles";"Jackson";"29980"
"104167";"Shayne";"Thao";"29980"
"104168";"Larry";"Rodrigues";"29980"
"104171";"Judy";"Seavey";"29980"
"104172";"Man";"Parker";"29980"
"104173";"Eleanor";"Schramm";"29980"
"104175";"Roger";"Marlow";"29980"
"104176";"Kathy";"Haines";"29980"
"104177";"Lisa";"Brooks";"29980"
"104181";"Veronica";"Frank";"29980"
"104183";"Bryan";"Thompson";"29980"
"104186";"Lucas";"Sarwar";"29980"
"104188";"Rosie";"Mclean";"29975"
"104189";"Francis";"Dull";"29975"
"104191";"Roger";"Venable";"29973"
"104192";"Helen";"Davis";"29973"
"104193";"Melissa";"Copper";"29973"
"104196";"April";"Starkey";"29973"
"104197";"Megan";"White";"29973"
"104202";"Ryan";"Rowland";"29973"
"104203";"Abigail";"Lance";"29973"
"104204";"Vanessa";"Holder";"29973"
"104207";"Federico";"Howe";"29973"
"104208";"Genevieve";"Brinson";"29973"
"104209";"Henry";"Ball";"29973"
"104210";"Bennie";"Jimenez";"29973"
"104211";"Vicki";"Wood";"29973"
"104213";"James";"Browne";"29973"
"104215";"Julia";"Bingham";"29973"
"104216";"Cassie";"Cornett";"29973"
"104218";"David";"Kelly";"29973"
"104219";"James";"Petersen";"29973"
"104220";"Jose";"Gutierrez";"29973"
"104223";"Hazel";"Bruck";"29973"
"104224";"Oscar";"Thoresen";"29968"
"104226";"Kimberly";"Campbell";"29968"
"104227";"Pamela";"Blair";"29968"
"104229";"John";"Brown";"29966"
"104230";"Gladys";"Maher";"29966"
"104231";"Susan";"Pierce";"29966"
"104233";"Araceli";"Sorrels";"29966"
"104235";"Thelma";"Tomlinson";"29966"
"104239";"James";"Davis";"29966"
"104240";"Joanne";"Laine";"29966"
"104241";"Dennis";"Armand";"29966"
"104243";"William";"Sanders";"29966"
"104245";"Samuel";"Gonzalez";"29966"
"104247";"Douglas";"Rodriguez";"29966"
"104248";"Christopher";"Spielman";"29966"
"104249";"Robert";"Brown";"29966"
"104250";"Meredith";"Thompson";"29966"
"104256";"Mathias";"Karlsen";"29961"
"104258";"Doris";"Chandler";"29961"
"104259";"Elizabeth";"Tyler";"29961"
"104260";"Patsy";"Whaley";"29961"
"104261";"Elvera";"Allen";"29961"
"104263";"Cheryl";"Kelly";"29961"
"104265";"Stephen";"Hepburn";"29959"
"104267";"James";"Devers";"29959"
"104268";"John";"Gardner";"29959"
"104272";"James";"Young";"29959"
"104273";"Stuart";"Cawthon";"29959"
"104274";"Jose";"Jonas";"29959"
"104275";"Gonzalo";"Sanders";"29959"
"104276";"Neomi";"Davis";"29959"
"104280";"Gary";"Marcum";"29959"
"104283";"Sam";"Brock";"29959"
"104284";"John";"Hall";"29959"
"104287";"Ira";"Lindquist";"29954"
"104288";"Dawn";"Philpot";"29954"
"104290";"Betty";"Berry";"29952"
"104292";"Mary";"Turner";"29952"
"104295";"Jeanette";"Zimmerman";"29952"
"104296";"Marcus";"Rosales";"29952"
"104298";"Ronald";"Leonard";"29952"
"104301";"Cory";"Haag";"29952"
"104306";"Michael";"Burke";"29952"
"104311";"Sara";"Green";"29952"
"104313";"Rosie";"Crawford";"29947"
"104315";"Peter";"Baker";"29947"
"104317";"Jacqueline";"Oliver";"29947"
"104321";"Joanne";"Sherman";"29945"
"104323";"April";"Rushing";"29945"
"104324";"Mary";"Palmer";"29945"
"104325";"Janice";"Massenburg";"29945"
"104327";"Glenna";"Pohl";"29945"
"104328";"Brittany";"O'donnell";"29945"
"104334";"Curtis";"Atkins";"29945"
"104335";"Charity";"Knotts";"29945"
"104336";"William";"Riggs";"29945"
"104337";"Gerald";"Smalls";"29945"
"104341";"Wanda";"King";"29940"
"104342";"Jack";"Stokes";"29940"
"104344";"Caroline";"Corrado";"29940"
"104346";"Benjamin";"Johnson";"29938"
"104348";"Marjorie";"Bush";"29938"
"104353";"Stephanie";"Cho";"29938"
"104354";"Shawanna";"Avila";"29938"
"104355";"Rosalyn";"Winbush";"29938"
"104361";"Eric";"Rhea";"29938"
"104362";"Shirley";"Teal";"29938"
"104363";"Dorie";"Torres";"29938"
"104364";"Wesley";"Surles";"29938"
"104366";"Roland";"Ringo";"29938"
"104367";"Kenneth";"Allen";"29938"
"104368";"Lisa";"Durden";"29938"
"104370";"Isabella";"Nylund";"29938"
"104375";"Cynthia";"Blewett";"29938"
"104376";"Rich";"Thomas";"29938"
"104377";"Randy";"Stevens";"29938"
"104378";"William";"Wheeler";"29938"
"104381";"Hubert";"Little";"29933"
"104382";"Walter";"Andrews";"29933"
"104383";"James";"Kemp";"29933"
"104385";"Harley";"Rivas";"29933"
"104387";"Julian";"Hicks";"29931"
"104393";"Glenn";"Craven";"29931"
"104394";"Michael";"Niemi";"29931"
"104395";"Susan";"Martinez";"29931"
"104396";"Sabrina";"Jewell";"29931"
"104398";"Antoinette";"Horner";"29931"
"104399";"Victor";"Knop";"29931"
"104401";"Annette";"Johnson";"29924"
"104402";"William";"Tonn";"29924"
"104403";"Effie";"Fontenot";"29924"
"104404";"Willie";"Laguerre";"29924"
"104407";"Eugene";"Smith";"29917"
"104413";"Patricia";"Quillen";"29917"
"104414";"Kayla";"Heard";"29917"
"104419";"Clara";"Martin";"29910"
"104421";"Laura";"Rogers";"29910"
"104422";"Chan juan";"Wang";"29903"
"104423";"Antoine";"Thomson";"29903"
"104425";"Paul";"Wallace";"29903"
"104428";"Connie";"Langlois";"29903"
"104429";"Shan";"Mai";"29896"
"104433";"Evelyn";"Bailey";"29896"
"104434";"Sophia";"Olsen";"29889"
"104436";"Edna";"Mcintyre";"29889"
"104437";"Coy";"Younger";"29889"
"104439";"Sharon";"Evans";"29882"
"104440";"Jrgen";"Ns";"29875"
"104442";"Park";"Chien";"29868"
"104443";"Trym";"Kristoffersen";"29868"
"104447";"Lee";"Mao";"29861"
"104449";"Hsin";"Hsueh";"29861"
"104450";"Minerva";"Nunn";"29861"
"104452";"Jack";"Scott";"29861"
"104455";"Megan";"Anderson";"29847"
"104457";"Myra";"Tobias";"29847"
"104458";"Elena";"Dunham";"29840"
"104460";"James";"Benson";"29833"
"104461";"Bettina";"Cochran";"29833"
"104463";"David";"Hjelle";"29826"
"104465";"Anne";"Bratcher";"29826"
"104469";"Helene";"Mcqueen";"29812"
"104476";"Andreas";"Johansen";"29791"
"104477";"Ada";"Holmes";"29791"
"104478";"Toni";"Klein";"29791"
"104479";"Lorraine";"Harris";"29791"
"104482";"Jeremy";"Parker";"29791"
"104484";"Joaquin";"Cowan";"29784"
"104491";"Tony";"Hooks";"29770"
"104492";"Richard";"Grasty";"29763"
"104493";"Matthew";"Ling";"29763"
"104494";"Erica";"Green";"29763"
"104496";"Mary";"Spitler";"29763"
"104501";"Betty";"Galante";"29756"
"104503";"Aubrey";"Mcarthur";"29749"
"104506";"Helen";"Jeter";"29742"
"104520";"Richard";"Underwood";"29707"
"104521";"Nathalie";"Christensen";"29686"
"104522";"Nathaniel";"Kittelsen";"29679"
"104523";"Rhonda";"Nugent";"29077"
"104524";"Rose";"Smith";"28909"
"104525";"Margaret";"Claiborne";"28916"
"104526";"Patricia";"Moen";"28979"
"104527";"Don";"Tilley";"28881"
"104528";"John";"Santibanez";"29154"
"104529";"Teresa";"Barbour";"29154"
"104530";"Ruben";"Calderon";"29154"
"104532";"Colton";"Pearson";"29140"
"104533";"Christine";"Garcia";"28979"
"104534";"Eduardo";"Ashmore";"28888"
"104535";"Juan";"Mccrary";"29196"
"104536";"Henry";"Sanders";"29112"
"104537";"Archie";"Tolman";"28965"
"104538";"Antonia";"Ward";"28958"
"104540";"Christopher";"Watkins";"29196"
"104542";"Jimmy";"Geiger";"29021"
"104543";"George";"Ramos";"29154"
"104544";"Calvin";"Monzon";"29147"
"104545";"Patricia";"Stanley";"29119"
"104547";"Christopher";"Williams";"29063"
"104548";"Lindsey";"Simms";"28846"
"104549";"Josephine";"Martin";"29042"
"104550";"Jessica";"Roberts";"28839"
"104552";"Troy";"Holman";"28979"
"104554";"Jorge";"Andrews";"29119"
"104555";"Robert";"Ford";"29007"
"104556";"Janice";"Shaffer";"29028"
"104557";"Earl";"Christiansen";"28986"
"104558";"Sharon";"Pressley";"28965"
"104560";"Joan";"Brewton";"28979"
"104561";"Lorraine";"Howard";"29182"
"104562";"Jessica";"Markert";"29112"
"104563";"Eric";"West";"28895"
"104566";"Cheryl";"Mullican";"28895"
"104567";"Kenneth";"Dailey";"28958"
"104568";"Jon";"Daniel";"28888"
"104569";"Michael";"Smith";"28832"
"104570";"John";"Garvin";"28951"
"104571";"Annette";"Carroll";"28874"
"104572";"Lynn";"Weeks";"29133"
"104573";"Hector";"Perkins";"28860"
"104574";"Lisa";"Gram";"28958"
"104575";"Jose";"Boling";"29126"
"104577";"Lorraine";"Fowler";"29105"
"104578";"James";"Allen";"28860"
"104580";"Mary";"Smith";"28986"
"104582";"Lillie";"Edwin";"29168"
"104585";"Cindy";"Farmer";"29154"
"104586";"Christy";"Edelstein";"29147"
"104587";"Kristi";"Lopez";"29126"
"104588";"Virginia";"Shearer";"29105"
"104590";"Maxwell";"Smith";"29196"
"104591";"Megan";"Mays";"28972"
"104592";"Bobby";"Eshelman";"29098"
"104594";"Thomas";"Milligan";"29000"
"104595";"Rex";"Mckernan";"29000"
"104596";"Joshua";"Stevens";"29042"
"104597";"David";"Kelley";"28923"
"104598";"Steve";"Smith";"29133"
"104599";"Sylvia";"Mccall";"29126"
"104600";"Todd";"Garber";"28902"
"104601";"Chris";"Jordan";"28916"
"104602";"Dana";"Solano";"28874"
"104603";"Elliott";"Smith";"28930"
"104604";"Paula";"Moore";"29035"
"104605";"Christopher";"Stilwell";"28832"
"104606";"Elizebeth";"Smith";"28944"
"104607";"Jose";"Ackerman";"29028"
"104608";"Georgia";"Kennison";"29000"
"104609";"Raymond";"Curry";"29105"
"104610";"Dennis";"Thomas";"28832"
"104611";"Linda";"Mcwilliams";"29084"
"104612";"Robert";"Leach";"28923"
"104615";"Laura";"Shaver";"28895"
"104616";"Randall";"Webb";"28874"
"104617";"Maxwell";"Aguilar";"28881"
"104618";"Maria";"Fox";"29049"
"104620";"Katy";"Worley";"28839"
"104621";"Sid";"Bellinger";"29189"
"104622";"Debra";"Blackburn";"29063"
"104623";"Matthew";"Villegas";"28916"
"104624";"Lionel";"Miranda";"28881"
"104625";"Frank";"Jurado";"29042"
"104627";"Maria";"Bucklin";"29021"
"104629";"Kevin";"Mcvay";"28993"
"104631";"Ana";"Ethridge";"29084"
"104632";"Melissa";"Meyer";"29091"
"104633";"Tamara";"Matthews";"28909"
"104635";"Melvin";"Vazquez";"28986"
"104638";"Alfred";"Harrison";"29133"
"104640";"John";"Green";"28972"
"104641";"David";"Hammond";"29028"
"104642";"Rolande";"Adkins";"29021"
"104643";"Joe";"Ayala";"28860"
"104645";"Alex";"Abner";"29000"
"104646";"Ashley";"Ferreira";"29000"
"104647";"Elizabeth";"Dejesus";"28958"
"104648";"John";"Martone";"28881"
"104649";"Leslie";"Garrett";"29168"
"104650";"Kenneth";"Wilson";"29182"
"104651";"Mona";"Garza";"29133"
"104653";"Anita";"Bucher";"29112"
"104655";"Carlos";"Chinn";"29056"
"104656";"Karina";"Allen";"28895"
"104657";"Michelle";"Jennings";"29077"
"104658";"Rebecca";"Childs";"29196"
"104659";"Rosamond";"Moore";"28846"
"104660";"Maria";"Salas";"28909"
"104661";"Robert";"Durst";"29175"
"104663";"Juan";"Calhoun";"28902"
"104664";"John";"Hickey";"29175"
"104665";"Eugene";"Heiser";"29154"
"104666";"Terry";"Neumann";"29098"
"104667";"Joyce";"Lane";"29028"
"104668";"Ralph";"Greer";"28909"
"104669";"Jennifer";"Roberson";"29168"
"104670";"Christy";"Owens";"28944"
"104671";"Jose";"Mason";"29007"
"104672";"Jodi";"Mason";"28965"
"104673";"Frances";"Gaul";"28909"
"104674";"Holly";"Trevino";"28846"
"104675";"Carmen";"Spady";"29077"
"104676";"Dominick";"Hopkins";"29161"
"104678";"Bradford";"Morris";"29112"
"104680";"Paul";"Pineda";"29084"
"104681";"Terry";"Dickinson";"29196"
"104682";"Bridgette";"Cameron";"28923"
"104684";"Eric";"Wolfe";"28874"
"104685";"Mike";"Mort";"29091"
"104686";"Caroline";"Key";"28986"
"104688";"Samuel";"Chen";"28839"
"104689";"Rhonda";"Reed";"28895"
"104691";"Richard";"Ridenour";"28923"
"104692";"Tomeka";"Keller";"29154"
"104694";"Marie";"Jimmerson";"29091"
"104695";"Reta";"Clemmer";"28839"
"104696";"Virginia";"Few";"29112"
"104698";"Norma";"Satterlee";"29035"
"104699";"Catherine";"Williams";"28944"
"104700";"Alvin";"Smith";"28839"
"104703";"John";"Rodriguez";"29168"
"104704";"Brittany";"Hendley";"29028"
"104705";"Joseph";"Clinton";"29049"
"104706";"Nicole";"Hall";"29077"
"104707";"Georgia";"Thomas";"29049"
"104708";"Michael";"Almeida";"28937"
"104710";"James";"Walter";"29105"
"104711";"Thelma";"Lorenzo";"29007"
"104713";"Robert";"Clemens";"29140"
"104715";"Ella";"Vannatta";"29000"
"104716";"Mary";"Shackelford";"29063"
"104717";"Mary";"Sink";"29119"
"104718";"Michael";"Crow";"29063"
"104719";"Lois";"Gibson";"28839"
"104720";"Louis";"Rettig";"29007"
"104721";"Dana";"Meyers";"29000"
"104722";"Earnest";"Mathews";"28888"
"104723";"Sarah";"Beattie";"29007"
"104724";"Joan";"Simpson";"28881"
"104725";"Andrea";"Funderburk";"28902"
"104726";"Ines";"Jackson";"28881"
"104727";"Donald";"Harden";"29182"
"104730";"Monica";"Jones";"29147"
"104731";"Sandra";"Olson";"29196"
"104733";"Randy";"French";"29182"
"104735";"Charmaine";"Mcclure";"29028"
"104736";"Jimmy";"Slayden";"28958"
"104738";"Brenda";"Murphy";"29182"
"104739";"James";"Shultz";"29112"
"104740";"Sixta";"Felts";"29196"
"104742";"Willie";"Steward";"29021"
"104744";"Peggy";"Anderson";"29042"
"104745";"James";"Sellers";"29021"
"104746";"Peggy";"Morado";"28972"
"104747";"Stephen";"Jennings";"28832"
"104748";"Karen";"Stewart";"28986"
"104749";"Angel";"Oneal";"29063"
"104750";"Herman";"Kiely";"28867"
"104751";"Terry";"Ivy";"28860"
"104752";"Christina";"Haney";"29147"
"104753";"Barbara";"Lott";"29161"
"104754";"Michele";"Provenzano";"28916"
"104755";"Kay";"Acevedo";"29182"
"104757";"Vivian";"Braithwaite";"28909"
"104760";"Carolina";"Johnson";"28888"
"104761";"Roslyn";"Tower";"29042"
"104762";"Gary";"Thompson";"29161"
"104763";"Dorothy";"Foster";"29063"
"104764";"Lucretia";"Fitzsimmons";"28923"
"104766";"Stanley";"Flores";"29084"
"104769";"Mildred";"Griffin";"28916"
"104770";"Ronald";"South";"28902"
"104771";"Eunice";"Jones";"29035"
"104772";"James";"Munn";"28916"
"104773";"Eartha";"Mendoza";"29182"
"104774";"Irving";"Lee";"28986"
"104775";"Michael";"Dandridge";"29196"
"104777";"Sharron";"Kelly";"28916"
"104778";"John";"Cooper";"28909"
"104779";"Rosalie";"Trapani";"28944"
"104780";"Gregory";"Lewis";"29021"
"104781";"Leroy";"Davis";"28923"
"104782";"Ronald";"Higgins";"28916"
"104786";"Lisa";"Porter";"28881"
"104787";"Michael";"Estrada";"29119"
"104788";"Anthony";"Mayers";"29147"
"104791";"Robert";"Hollingsworth";"29091"
"104792";"Burl";"Mcbride";"29056"
"104793";"Jane";"Johnson";"28902"
"104794";"Nita";"Vivier";"29154"
"104795";"Felix";"Gee";"29084"
"104796";"Elenor";"Church";"29056"
"104797";"Mary";"Clark";"28860"
"104798";"Brian";"Bryant";"28937"
"104799";"Agnes";"Miller";"29105"
"104800";"Belinda";"Frank";"28909"
"104802";"Janette";"Fant";"28937"
"104803";"Richard";"Frazier";"29091"
"104806";"Rosa";"Feldman";"28874"
"104807";"Ursula";"Robinson";"28993"
"104808";"Mary";"Hembree";"29175"
"104809";"Marcie";"Adrian";"28902"
"104811";"Camille";"Smith";"29175"
"104812";"James";"Upton";"28853"
"104814";"Nicole";"Moulton";"28923"
"104816";"Mary";"Ellingsworth";"29140"
"104817";"Frank";"Martinez";"28930"
"104818";"Mary";"Fonville";"29112"
"104819";"Kenneth";"Innocent";"28951"
"104820";"Doris";"Clemmons";"28958"
"104821";"Grace";"Lindberg";"28944"
"104823";"Leroy";"Diaz";"28972"
"104825";"Myra";"Garcia";"29056"
"104826";"Catherine";"Prado";"29112"
"104827";"William";"Ortiz";"28958"
"104830";"Melinda";"Franco";"28853"
"104831";"Shawn";"Nuckols";"28881"
"104832";"Jose";"Clemens";"29126"
"104833";"Lindsey";"Bond";"28867"
"104834";"Cassandra";"Thompson";"29077"
"104835";"Willie";"Graham";"29084"
"104836";"Helen";"Smith";"28965"
"104837";"Eric";"Groves";"29140"
"104838";"Robert";"Weston";"28888"
"104839";"Madeleine";"Melby";"28979"
"104840";"Marlene";"Mancha";"29049"
"104841";"Jack";"Mendoza";"29119"
"104842";"Stuart";"Rose";"29091"
"104844";"Justin";"Johnson";"28965"
"104845";"Michael";"Pressman";"29168"
"104847";"Terry";"Esposito";"28944"
"104848";"Douglas";"Dall";"29035"
"104849";"Patrick";"Villarreal";"29035"
"104850";"Charles";"Bothwell";"28993"
"104851";"Brandon";"Moore";"29154"
"104852";"Joshua";"Alvarado";"29084"
"104854";"Sherry";"Kaiser";"28951"
"104855";"Roberta";"Harper";"28930"
"104856";"Glenn";"Jordan";"28923"
"104857";"Jill";"Brinkmann";"28958"
"104858";"Lionel";"Scott";"28853"
"104859";"Brett";"Lentz";"29147"
"104860";"Mark";"Jackson";"28937"
"104861";"Justina";"Regalado";"28986"
"104862";"Laura";"Feaster";"28888"
"104863";"Tracy";"Sinclair";"29007"
"104864";"Sam";"Schneider";"29091"
"104865";"Susan";"Dunlap";"28930"
"104866";"Lillian";"Favors";"29000"
"104867";"Wendy";"Boyles";"28832"
"104868";"Barbara";"Molina";"29035"
"104869";"Scott";"Largo";"29126"
"104870";"Edith";"Nathan";"29007"
"104871";"Anne";"Nolen";"28979"
"104872";"Michael";"Davis";"29049"
"104874";"Maurice";"Hoffman";"29182"
"104875";"David";"Bergman";"29161"
"104876";"Pricilla";"Brown";"29007"
"104877";"Steven";"Spencer";"29133"
"104878";"Mary";"Wickham";"28909"
"104880";"Eddie";"Fowler";"29098"
"104881";"Melissa";"Starnes";"28846"
"104882";"Francisco";"Turner";"28937"
"104883";"Andre";"Minor";"29063"
"104885";"John";"Augustine";"29063"
"104886";"Edward";"Flores";"28965"
"104888";"Susan";"Holden";"29091"
"104889";"Susan";"Tocco";"29189"
"104891";"Nicole";"Biggs";"29105"
"104892";"Harvey";"Young";"29105"
"104893";"Robert";"Souza";"28867"
"104894";"Arthur";"Bernal";"29098"
"104895";"Dora";"Peters";"29189"
"104896";"Corrine";"Lanza";"29126"
"104897";"Joseph";"Ramos";"29147"
"104898";"Leah";"Smith";"29077"
"104899";"Margaret";"Criswell";"29168"
"104900";"Joe";"Head";"29161"
"104901";"Mary";"Salazar";"28832"
"104902";"Gayle";"Buckley";"29091"
"104903";"Russell";"Patrick";"29098"
"104904";"Tracey";"Gamble";"28986"
"104905";"James";"Johns";"29035"
"104906";"Vera";"Stradley";"29140"
"104908";"Thurman";"Pacheco";"28916"
"104909";"Susan";"Burrows";"28944"
"104911";"Margaret";"Hill";"29063"
"104912";"Emily";"Schafer";"28986"
"104913";"Leslie";"Foster";"29007"
"104914";"Anna";"Chatmon";"29189"
"104915";"Michael";"Betts";"28972"
"104917";"David";"Walker";"29042"
"104918";"Thomas";"Bernardi";"29196"
"104919";"Pamela";"Bassett";"29098"
"104920";"Richard";"Grimm";"29021"
"104921";"Rachel";"Gutierrez";"28944"
"104923";"Melody";"Andrews";"29154"
"104924";"Eleanor";"Frye";"29105"
"104925";"Timothy";"Acosta";"28958"
"104926";"Nicky";"Farley";"29105"
"104927";"Gary";"Barhorst";"29091"
"104928";"Michael";"Brown";"28895"
"104929";"David";"Grove";"29063"
"104930";"Matthew";"Tuttle";"28853"
"104931";"Thomas";"Smith";"29091"
"104932";"Deon";"Lugo";"28993"
"104933";"Jordan";"Mcknight";"28965"
"104934";"Victoria";"Webb";"29154"
"104935";"Eleanor";"Thompson";"28944"
"104936";"Barry";"Day";"28944"
"104937";"Lorraine";"Medders";"28909"
"104938";"Linda";"Johnson";"28923"
"104939";"Abigail";"Helms";"28839"
"104940";"Melissa";"Lindsey";"29182"
"104941";"James";"Smith";"29140"
"104942";"Kelly";"Johnston";"28958"
"104943";"Robert";"Thompson";"28986"
"104944";"Ryan";"Torgerson";"29182"
"104945";"Sarah";"Clutter";"28916"
"104946";"Eugene";"Kernan";"29140"
"104947";"Carleen";"Osborne";"29007"
"104948";"Dennis";"Campbell";"29007"
"104949";"Kenneth";"Purcell";"29084"
"104950";"Lisa";"Romero";"28958"
"104951";"Jerome";"Bergman";"29126"
"104953";"Michelle";"Ortego";"29042"
"104954";"Lori";"Maddox";"29161"
"104957";"Jarrod";"Atwell";"29084"
"104958";"Mildred";"Landes";"28874"
"104959";"Nicola";"Nguyen";"28874"
"104960";"Daryl";"Koh";"28874"
"104961";"Edward";"Miller";"29091"
"104962";"Josie";"Rogers";"28944"
"104963";"Ione";"Cooper";"29028"
"104965";"Teresa";"Nation";"29175"
"104966";"Lashandra";"Hall";"28965"
"104967";"Clara";"Weisberg";"29168"
"104968";"Kevin";"Bender";"28951"
